,Unnamed: 0.2,Unnamed: 0.1,Unnamed: 0,id,apparent_temperature,code,date,description,dew_point_2m,endTime,et0_fao_evapotranspiration,hour,iconCategory,is_day,latitude,longitude,magnitudeOfDelay,month,precipitation,rain,relative_humidity_2m,snow_depth,snowfall,soil_temperature_0_to_7cm,startTime,sunshine_duration,surface_pressure,temperature_2m,type,vapour_pressure_deficit,weather_code,wind_speed_10m
0,0.0,0,0,38248faa1d66626c717eb50488f469a0,20.095842,500,2021-07-31 08:00:00,Lane closed,13.365,2026-01-03T09:51:00Z,0.28130785,8,7,1.0,59.3589511601,18.0046538631,0,7,0.0,0.0,63.166824,0.0,0.0,17.865,2021-07-31T08:51:00Z,3600.0,995.01965,20.615,Feature,0.8948873,2.0,10.931203
1,1.0,1,1,751f2185a3fe8cb032f5ee1f51ee0aac,20.095842,500,2021-07-31 08:00:00,Lane closed,13.365,2026-01-03T09:51:00Z,0.28130785,8,7,1.0,59.3589511601,18.0046538631,0,7,0.0,0.0,63.166824,0.0,0.0,17.865,2021-07-31T08:51:00Z,3600.0,995.01965,20.615,Feature,0.8948873,2.0,10.931203
2,2.0,2,2,9996ae73152f3c67f704e02f7cee2178,20.095842,500,2021-07-31 08:00:00,Lane closed,13.365,2026-01-03T09:51:00Z,0.28130785,8,7,1.0,59.3591214804,18.0047316472,0,7,0.0,0.0,63.166824,0.0,0.0,17.865,2021-07-31T08:51:00Z,3600.0,995.01965,20.615,Feature,0.8948873,2.0,10.931203
3,3.0,3,3,b3294dab102123595f1aae5952e42d01,20.095842,500,2021-07-31 08:00:00,Lane closed,13.365,2026-01-03T09:51:00Z,0.28130785,8,7,1.0,59.3591214804,18.0047316472,0,7,0.0,0.0,63.166824,0.0,0.0,17.865,2021-07-31T08:51:00Z,3600.0,995.01965,20.615,Feature,0.8948873,2.0,10.931203
4,4.0,4,4,9fb7a68b834ad3f391ac445ffdf67f21,-2.0728397,701,2023-11-13 22:00:00,Roadworks,-0.435,2024-12-01T15:00:00Z,0.0,22,9,0.0,59.3353691981,18.0125918607,0,11,0.0,0.0,87.49201,0.0,0.0,2.815,2023-11-13T22:55:08Z,0.0,1000.0102,1.415,Feature,0.08490783,3.0,8.891344
5,5.0,5,5,f73c7cc93a6d8d7c45ed845b5c3cb413,8.374241,401,2023-05-28 22:00:00,Closed,5.265,2023-12-31T22:55:00Z,0.0063879653,22,8,0.0,59.3385637021,18.0128439884,4,5,0.0,0.0,70.66659,0.0,0.0,12.415,2023-05-28T22:00:00Z,0.0,1014.064,10.365,Feature,0.36974275,1.0,5.6920996
6,6.0,6,6,1fca77abf87de173c9e6c71f4a849418,21.910961,701,2023-06-27 10:00:00,Roadworks,10.315,2024-05-31T22:00:00Z,0.48817194,10,9,1.0,59.3128440201,18.0308295409,0,6,0.0,0.0,45.434788,0.0,0.0,20.665,2023-06-27T10:00:00Z,3600.0,1005.01184,22.715,Feature,1.507247,0.0,13.527572
7,7.0,7,7,fd20b4e28c792ccb5958601e7aa634bc,21.910961,701,2023-06-27 10:00:00,Roadworks,10.315,2024-05-31T22:00:00Z,0.48817194,10,9,1.0,59.3108631709,18.0295568327,0,6,0.0,0.0,45.434788,0.0,0.0,20.665,2023-06-27T10:00:00Z,3600.0,1005.01184,22.715,Feature,1.507247,0.0,13.527572
8,8.0,8,8,f3a6208943b0463ed7b347d561a96b23,-8.797272,401,2022-01-21 09:00:00,Closed,-9.385,2024-12-31T15:00:00Z,0.041690856,9,8,1.0,59.3289533356,18.0635162811,4,1,0.0,0.0,59.324154,0.0399999991059303,0.0,0.16499999,2022-01-21T09:11:00Z,2620.5542,1008.5405,-2.5349998,Feature,0.20693195,0.0,20.972897
9,9.0,9,9,8f6014c832aa20af5f8083be74b77f6c,-11.592858,401,2023-04-03 20:00:00,Closed,-8.685,2024-12-31T14:25:00Z,0.0,20,8,0.0,59.3066588365,18.1198520582,4,4,0.0,0.0,88.34299,0.0900000035762786,0.0,-0.035000004,2023-04-03T20:00:00Z,0.0,1028.7261,-7.085,Feature,0.04205069,0.0,9.339208
10,10.0,10,10,84335ae6fb43a86b1a74d2b83559f598,-11.592858,701,2023-04-03 20:00:00,Roadworks,-8.685,2024-12-31T14:25:00Z,0.0,20,9,0.0,59.3071349,18.1199566643,0,4,0.0,0.0,88.34299,0.0900000035762786,0.0,-0.035000004,2023-04-03T20:00:00Z,0.0,1028.7261,-7.085,Feature,0.04205069,0.0,9.339208
11,11.0,11,11,87dab9aaf602df25dfb10a295ac4fe8a,14.855116,701,2022-06-09 07:00:00,Roadworks,9.714999,2023-12-31T22:59:00Z,0.2599945,7,9,1.0,59.3070343142,18.1277404349,0,6,0.0,0.0,61.555542,0.0,0.0,14.415,2022-06-09T07:00:00Z,3600.0,1005.65674,17.165,Feature,0.7533772,2.0,15.39184
12,12.0,12,12,89e60fa432fbda4ff6aa90aa8841dbe2,-14.276578,500,2023-12-04 19:00:00,Lane closed,-10.735001,2023-12-22T15:00:00Z,0.0,19,7,0.0,59.3043319891,18.1328929584,0,12,0.0,0.0,90.24746,0.1199999973177909,0.0,-2.0349998,2023-12-04T19:00:00Z,0.0,1014.5417,-9.435,Feature,0.02929473,0.0,10.495713
13,13.0,13,13,c45cb22ea1fd87dd2a98c4719b82cffc,-14.276578,500,2023-12-04 19:00:00,Lane closed,-10.735001,2023-12-22T15:00:00Z,0.0,19,7,0.0,59.3035367265,18.1334830444,0,12,0.0,0.0,90.24746,0.1199999973177909,0.0,-2.0349998,2023-12-04T19:00:00Z,0.0,1014.5417,-9.435,Feature,0.02929473,0.0,10.495713
14,14.0,14,14,1b25fd92edc429bc3dae18a9e0bd08d2,-2.0728397,701,2023-11-13 22:00:00,Roadworks,-0.435,2024-12-01T15:00:00Z,0.0,22,9,0.0,59.3353691981,18.0125918607,0,11,0.0,0.0,87.49201,0.0,0.0,2.815,2023-11-13T22:55:08Z,0.0,1000.0102,1.415,Feature,0.08490783,3.0,8.891344
15,15.0,15,15,6adc32d78acc54423ce62cfb660848f4,-7.6262035,701,2023-01-31 23:00:00,Roadworks,-5.185,2025-12-30T23:00:00Z,0.0,23,9,0.0,59.3351452369,18.0648386101,0,1,0.0,0.0,93.086296,0.0,0.0,0.065,2023-01-31T23:00:00Z,0.0,988.18335,-4.235,Feature,0.03098929,1.0,4.0249224
16,16.0,16,16,db6f7faca5aa6aa3768ddbb05faee66d,-0.35866332,701,2023-12-18 09:00:00,Roadworks,3.365,,0.0002996926,9,9,1.0,59.2812770644,17.9992679874,0,12,0.0,0.0,99.647934,0.0,0.0,1.9649999,2023-12-18T09:33:30Z,0.0,1007.2105,3.415,Feature,0.0027554035,2.0,15.273505
17,17.0,17,17,9692391e0d61244f07bfc74faf47496e,,701,2023-12-20 13:00:00,Roadworks,,,,13,9,1.0,59.2800620314,18.0016484479,0,12,,,,0.0,,,2023-12-20T13:26:30Z,,,,Feature,,,
18,18.0,18,18,8d969da24cb3214ef7d091c07ededcc5,,401,2023-12-22 11:00:00,Closed,,,,11,8,1.0,59.3673532106,18.0047785859,4,12,,,,0.0,,,2023-12-22T11:39:00Z,,,,Feature,,,
19,19.0,19,19,c3c0cc05f60753d4fe3ad546c0f53d30,14.6587925,401,2023-08-30 07:00:00,Closed,13.714999,,0.03665834,7,8,1.0,59.3661663217,18.0070718746,4,8,0.2,0.2,95.87458,0.0,0.0,14.264999,2023-08-30T07:44:30Z,0.0,1003.2358,14.365,Feature,0.06758797,51.0,6.2145634
20,20.0,20,20,1392fdc6b563a34d29d351a97be57020,,115,2023-12-22 15:00:00,Slow traffic,,2023-12-22T17:57:30Z,,15,6,0.0,59.3353490635,18.0100491266,1,12,,,,0.0,,,2023-12-22T15:59:30Z,,,,Feature,,,
21,21.0,21,21,51ac2ed47040a78407b37bcfc8340479,18.917849,401,2023-07-11 09:00:00,Closed,9.415,,0.41652194,9,8,1.0,59.3396727806,18.0127957086,4,7,0.0,0.0,50.00704,0.0,0.0,18.515001,2023-07-11T09:35:00Z,3600.0,1014.46106,20.165,Feature,1.1816247,0.0,12.758432
22,22.0,22,22,efba8ea57bde48f5ae0eddd9cb5f388c,,701,2023-12-22 14:00:00,Roadworks,,,,14,9,0.0,59.3391216013,18.0127313356,0,12,,,,0.0,,,2023-12-22T14:31:30Z,,,,Feature,,,
23,23.0,23,23,c1ed10173bbe618f5cad4d251e784e18,11.938887,401,2023-07-04 21:00:00,Closed,10.014999,,0.021259513,21,8,0.0,59.3372078561,18.0129257957,4,7,0.0,0.0,77.846535,0.0,0.0,15.264999,2023-07-04T21:50:30Z,0.0,999.0425,13.815,Feature,0.3503164,0.0,13.004922
24,24.0,24,24,c0d7cb483704d1d94dd0cc2f78481ace,18.495453,401,2023-07-05 12:00:00,Closed,10.964999,,0.33280686,12,8,1.0,59.3385542983,18.0135333161,4,7,0.0,0.0,56.677372,0.0,0.0,17.915,2023-07-05T12:39:30Z,3600.0,1006.6794,19.815,Feature,1.0019742,3.0,11.090103
25,25.0,25,25,0a973a929bab14e93c2882cea59bd0ae,19.015224,401,2022-07-18 11:00:00,Closed,10.214999,,0.31232762,11,8,1.0,59.3390170066,18.0144787948,4,7,0.0,0.0,49.761055,0.0,0.0,18.515001,2022-07-18T11:50:30Z,2389.0686,1012.5757,21.115,Feature,1.258861,2.0,14.917212
26,26.0,26,26,8df23f0c7e297fbb6809334936205a3c,9.798215,401,2022-09-13 22:00:00,Closed,10.365,,0.0,22,8,0.0,59.3392865499,18.0156965177,4,9,0.1,0.1,95.76729,0.0,0.0,11.964999,2022-09-13T22:33:00Z,0.0,990.439,11.014999,Feature,0.055701375,51.0,9.178235
27,27.0,27,27,e570ed421f6a97198e243371f5c540a6,-0.35866332,701,2023-12-18 09:00:00,Roadworks,3.365,,0.0002996926,9,9,1.0,59.3441695053,18.0264079194,0,12,0.0,0.0,99.647934,0.0,0.0,1.9649999,2023-12-18T09:33:30Z,0.0,1007.2105,3.415,Feature,0.0027554035,2.0,15.273505
28,28.0,28,28,8d171c8c276da26da9602f99c0b1cd20,,101,2023-12-22 16:00:00,Stationary traffic,,2023-12-22T16:45:30Z,,16,6,0.0,59.3402172831,18.0491356175,3,12,,,,0.0,,,2023-12-22T16:07:00Z,,,,Feature,,,
29,29.0,29,29,fe2b46e19c50694c5a803323c6f35c91,-0.21733856,701,2023-12-17 16:00:00,Roadworks,3.315,,0.0,16,9,0.0,59.2801049353,18.0567034702,0,12,0.2,0.2,99.64779,0.0,0.0,0.415,2023-12-17T16:32:00Z,0.0,1004.6175,3.365,Feature,0.0027467608,51.0,13.896187
30,30.0,30,30,beb94975f16b3a4214a466b7d68b0502,-2.7974515,701,2023-12-19 13:00:00,Roadworks,-2.2849998,,0.035007764,13,9,1.0,59.2516628246,18.0582967024,0,12,0.0,0.0,71.3814,0.0,0.0,2.165,2023-12-19T13:22:00Z,2151.6675,993.53986,2.365,Feature,0.20790052,0.0,18.584509
31,31.0,31,31,08e8948e4a00c0adc73975637474935b,,701,2023-12-21 13:00:00,Roadworks,,,,13,9,1.0,59.328292181,18.0602077763,0,12,,,,0.0,,,2023-12-21T13:28:30Z,,,,Feature,,,
32,32.0,32,32,8e3bcc40fb842d050b4d728ca936050d,14.091431,401,2023-05-15 08:00:00,Closed,5.6150002,,0.3157409,8,8,1.0,59.2790052596,18.0628296356,4,5,0.0,0.0,45.963753,0.0,0.0,14.014999,2023-05-15T08:20:30Z,3600.0,1014.53357,17.365,Feature,1.0725317,3.0,15.0038395
33,33.0,33,33,0e8d7de5a775acae94005989a097b7b6,14.091431,401,2023-05-15 08:00:00,Closed,5.6150002,,0.3157409,8,8,1.0,59.2800003302,18.0573780458,4,5,0.0,0.0,45.963753,0.0,0.0,14.014999,2023-05-15T08:20:30Z,3600.0,1014.53357,17.365,Feature,1.0725317,3.0,15.0038395
34,34.0,34,34,0b27def3e54537eaf2f01d1ddf55fd40,,401,2023-12-22 07:00:00,Closed,,,,7,8,0.0,59.3157541898,18.0660187821,4,12,,,,0.0,,,2023-12-22T07:42:30Z,,,,Feature,,,
35,35.0,35,35,ff8a771f60c0d8341e7c311d35a027e5,,108,2023-12-22 12:00:00,Queuing traffic,,2023-12-22T16:44:30Z,,12,6,1.0,59.330576088,18.0684287469,2,12,,,,0.0,,,2023-12-22T12:54:30Z,,,,Feature,,,
36,36.0,36,36,80c682e2e5ff1db1292cdec2a606c970,,108,2023-12-22 16:00:00,Queuing traffic,,2023-12-22T16:48:30Z,,16,6,0.0,59.3342117997,18.0710251252,2,12,,,,0.0,,,2023-12-22T16:18:00Z,,,,Feature,,,
37,37.0,37,37,d96341016519a6108683fb468959793c,,108,2023-12-22 15:00:00,Queuing traffic,,2023-12-22T16:44:30Z,,15,6,0.0,59.3328586444,18.071587048,2,12,,,,0.0,,,2023-12-22T15:44:30Z,,,,Feature,,,
38,38.0,38,38,1d12a49fc52aac03bfdac7f09dc90e53,-11.936848,701,2023-12-06 19:00:00,Roadworks,-9.085,,0.0,19,9,0.0,59.2850952063,18.0743872742,0,12,0.0,0.0,91.4334,0.1099999994039535,0.0,-2.485,2023-12-06T19:19:30Z,0.0,1022.8338,-7.935,Feature,0.02893585,3.0,5.634891
39,39.0,39,39,e38c8ff81ddefbe821a651c29e6bcbb2,20.909973,500,2022-07-25 13:00:00,Lane closed,15.865,,0.15908682,13,7,1.0,59.336294567,18.0774463336,0,7,0.0,0.0,73.542114,0.0,0.0,19.915,2022-07-25T13:32:30Z,0.0,1005.1928,20.765001,Feature,0.64866495,3.0,12.768586
40,40.0,40,40,41a568cf8b2afa7afbf608217875d5c3,-5.5168304,401,2023-12-01 02:00:00,Closed,-2.085,,0.0,2,8,0.0,59.3139624934,18.0819886546,4,12,0.1,0.0,91.567245,0.1099999994039535,0.07,-1.135,2023-12-01T02:41:00Z,0.0,1000.68304,-0.885,Feature,0.0484609,71.0,15.124284
41,41.0,41,41,78dda87f5c13609f079614b4ed1f0c94,10.564179,401,2023-10-04 13:00:00,Closed,7.315,,0.18255426,13,8,1.0,59.3133066936,18.0823132019,4,10,0.0,0.0,62.58641,0.0,0.0,13.065,2023-10-04T13:53:00Z,3600.0,999.3469,14.365,Feature,0.6131296,0.0,21.316135
42,42.0,42,42,64c7127aef7338592f30299a55693427,,101,2023-12-22 10:00:00,Stationary traffic,,2023-12-22T17:12:30Z,,10,6,1.0,59.2961405264,18.0743926387,3,12,,,,0.0,,,2023-12-22T10:11:00Z,,,,Feature,,,
43,43.0,43,43,f69586772a7357da6f4d33c12ea84ff3,,115,2023-12-22 16:00:00,Slow traffic,,2023-12-22T17:44:30Z,,16,6,0.0,59.2958508679,18.0852461974,1,12,,,,0.0,,,2023-12-22T16:07:30Z,,,,Feature,,,
44,44.0,44,44,150936aec88ed26d9bbc221ca85e0e3f,,115,2023-12-22 16:00:00,Slow traffic,,2023-12-22T16:30:30Z,,16,6,0.0,59.2610961272,18.0969285588,1,12,,,,0.0,,,2023-12-22T16:22:30Z,,,,Feature,,,
45,45.0,45,45,2edd8b18e39ce6819b97d8173ad8226b,0.4478941,401,2023-03-14 13:00:00,Closed,1.065,,0.04098278,13,8,1.0,59.3579386184,18.1021253388,4,3,0.2,0.2,87.01674,0.0599999986588954,0.0,-0.285,2023-03-14T13:41:30Z,0.0,977.19525,3.015,Feature,0.098777294,51.0,4.198285
46,46.0,46,46,6029b79e3d0e2aa8813b6e51492d3fc1,8.553254,401,2021-10-29 09:00:00,Closed,8.214999,,0.07090342,9,8,1.0,59.3663621036,18.1152587752,4,10,0.0,0.0,84.53838,0.0,0.0,9.565,2021-10-29T09:27:00Z,3600.0,1008.1845,10.714999,Feature,0.19947243,0.0,11.620809
47,47.0,47,47,44c10e872ceca0c8be3246f4cbfc080a,8.553254,401,2021-10-29 09:00:00,Closed,8.214999,,0.07090342,9,8,1.0,59.3631582117,18.1200787048,4,10,0.0,0.0,84.53838,0.0,0.0,9.565,2021-10-29T09:27:00Z,3600.0,1008.1845,10.714999,Feature,0.19947243,0.0,11.620809
48,48.0,48,48,79992f7ac2c9f98803391c1fa508743c,-1.0380182,701,2023-11-02 13:00:00,Roadworks,1.865,,0.024559746,13,9,1.0,59.3063705083,18.1398412208,0,11,0.0,0.0,90.21744,0.0,0.0,2.7150002,2023-11-02T13:42:30Z,0.0,998.8344,3.315,Feature,0.07602197,3.0,17.373497
49,49.0,49,49,c16af886fc591e02db22c42c58c7574f,4.168763,701,2023-11-03 10:00:00,Roadworks,6.515,,0.03138377,10,9,1.0,59.3058903694,18.1353310864,0,11,0.1,0.1,90.25272,0.0,0.0,6.715,2023-11-03T10:45:00Z,0.0,989.31177,8.014999,Feature,0.10488659,51.0,20.326454
50,50.0,50,50,2ff97c92543137ff3558fa873fd71f94,24.854443,701,2023-09-10 14:00:00,Roadworks,17.115,,0.2344719,14,9,1.0,59.3118475568,18.1535379212,0,9,0.0,0.0,65.74302,0.0,0.0,20.665,2023-09-10T14:25:00Z,3600.0,1010.7073,23.915,Feature,1.016832,1.0,10.853866
51,51.0,51,51,711b6b10529294816453f2f8e08bd6ad,,108,2023-12-22 16:00:00,Queuing traffic,,2023-12-22T16:59:00Z,,16,6,0.0,59.2784942893,18.0076901237,2,12,,,,0.0,,,2023-12-22T16:35:30Z,,,,Feature,,,
52,52.0,52,52,9782392a1935638ddf2aba2bdac8579b,,101,2023-12-22 16:00:00,Stationary traffic,,2023-12-22T16:59:00Z,,16,6,0.0,59.3065032705,18.0124429981,3,12,,,,0.0,,,2023-12-22T16:34:30Z,,,,Feature,,,
53,53.0,53,53,8d0fe1a96bed42b528a12b6d79155fb4,,101,2023-12-22 16:00:00,Stationary traffic,,2023-12-22T16:59:00Z,,16,6,0.0,59.3407510486,18.0423456053,3,12,,,,0.0,,,2023-12-22T16:27:30Z,,,,Feature,,,
54,54.0,54,54,c852feb383066fa194c7582e76afb327,,108,2023-12-22 16:00:00,Queuing traffic,,2023-12-22T16:59:00Z,,16,6,0.0,59.3340321203,18.0678292732,2,12,,,,0.0,,,2023-12-22T16:39:00Z,,,,Feature,,,
55,55.0,55,55,17978ef1f9f9a3b87b51c001e0f674ee,,701,2023-12-22 16:00:00,Roadworks,,,,16,9,0.0,59.3499872238,18.0977104227,0,12,,,,0.0,,,2023-12-22T16:32:00Z,,,,Feature,,,
56,56.0,56,56,fecec4b60a21478a6da75ffa9c50d0f8,,1101,2023-12-22 16:00:00,Heavy snowfall,,2023-12-22T16:46:00Z,,16,5,0.0,59.2605369041,18.0981020252,2,12,,,,0.0,,,2023-12-22T16:36:30Z,,,,Feature,,,
57,57.0,57,57,a6b70e3b7f7c1f0aa53608f0befcfbfc,,115,2023-12-22 16:00:00,Slow traffic,,2023-12-22T17:11:30Z,,16,6,0.0,59.3335949092,18.0507610361,1,12,,,,0.0,,,2023-12-22T16:41:00Z,,,,Feature,,,
58,58.0,58,58,5508efca8e3d9586360bb7746c0c39d0,,101,2023-12-22 16:00:00,Stationary traffic,,2023-12-22T17:14:30Z,,16,6,0.0,59.3208866096,18.0687962095,3,12,,,,0.0,,,2023-12-22T16:48:00Z,,,,Feature,,,
59,59.0,59,59,5b6ac35912c383ee3435a282b4756706,,101,2023-12-22 16:00:00,Stationary traffic,,2023-12-22T17:19:00Z,,16,6,0.0,59.3055108572,18.0809814851,3,12,,,,0.0,,,2023-12-22T16:56:00Z,,,,Feature,,,
60,60.0,60,60,d4724a1ef16bd74245239b623b3d5f4d,,1101,2023-12-22 16:00:00,Heavy snowfall,,2023-12-22T17:32:00Z,,16,5,0.0,59.293072109,18.084662817,1,12,,,,0.0,,,2023-12-22T16:58:00Z,,,,Feature,,,
61,61.0,61,da0f2116c5ca9072dc8d17cbde8dd844,da0f2116c5ca9072dc8d17cbde8dd844,,108,,Queuing traffic,,2023-12-24T20:33:28Z,,19,6,,59.3398096016,18.051349781,2,12,,,,,,,2023-12-24T19:27:30Z,,,,Feature,,,
62,62.0,62,2cb40f527624d360262181661aa45ba8,2cb40f527624d360262181661aa45ba8,,115,,Slow traffic,,2023-12-24T20:33:28Z,,19,6,,59.3521531118,18.0855667214,1,12,,,,,,,2023-12-24T19:29:30Z,,,,Feature,,,
63,63.0,63,5734a529998e14d5eca64f435fd15a48,5734a529998e14d5eca64f435fd15a48,,115,,Slow traffic,,2023-12-24T20:33:28Z,,19,6,,59.2615293013,18.1183915953,1,12,,,,,,,2023-12-24T19:29:30Z,,,,Feature,,,
64,64.0,64,b1897e287857c67ea8ded37b3c9ceb16,b1897e287857c67ea8ded37b3c9ceb16,,101,,Stationary traffic,,2023-12-24T20:55:30Z,,19,6,,59.3478977751,18.0585018913,3,12,,,,,,,2023-12-24T19:26:00Z,,,,Feature,,,
65,65.0,65,f8c25b5e039c337acd81ad427ad080ed,f8c25b5e039c337acd81ad427ad080ed,,101,,Stationary traffic,,2023-12-24T20:57:30Z,,19,6,,59.3065032705,18.0124429981,3,12,,,,,,,2023-12-24T19:54:00Z,,,,Feature,,,
66,66.0,66,ad050c225994be853aead44775bf9053,ad050c225994be853aead44775bf9053,,101,,Stationary traffic,,2023-12-24T20:59:31Z,,19,6,,59.2628677321,18.09917625,3,12,,,,,,,2023-12-24T19:56:00Z,,,,Feature,,,
67,67.0,67,747a6ce770677e65d9d613fa63d9e0cd,747a6ce770677e65d9d613fa63d9e0cd,,101,,Stationary traffic,,2023-12-24T21:09:31Z,,19,6,,59.3456983672,18.0436853687,3,12,,,,,,,2023-12-24T19:40:00Z,,,,Feature,,,
68,68.0,68,6b0ae79551a16d4b7da4c36b6802e58f,6b0ae79551a16d4b7da4c36b6802e58f,,115,,Slow traffic,,2023-12-24T21:11:31Z,,19,6,,59.3293664064,18.075283132,1,12,,,,,,,2023-12-24T19:38:30Z,,,,Feature,,,
69,69.0,69,74da5b8a36df0f6789d8b5c01fcc1a42,74da5b8a36df0f6789d8b5c01fcc1a42,,122,,Heavy traffic,,2023-12-24T21:13:32Z,,20,6,,59.2907184781,17.9951789598,1,12,,,,,,,2023-12-24T20:10:00Z,,,,Feature,,,
70,70.0,70,17978ef1f9f9a3b87b51c001e0f674ee,17978ef1f9f9a3b87b51c001e0f674ee,,701,,Roadworks,,2023-12-24T21:15:32Z,,14,9,,59.3499872238,18.0977104227,0,12,,,,,,,2023-12-23T14:33:30Z,,,,Feature,,,
71,71.0,71,19706837892987d5ee9697b29a319468,19706837892987d5ee9697b29a319468,,101,,Stationary traffic,,2023-12-24T21:15:32Z,,20,6,,59.329684255,18.0740037183,3,12,,,,,,,2023-12-24T20:08:30Z,,,,Feature,,,
72,72.0,72,dea72fdd9b158679b657469a9d717fa8,dea72fdd9b158679b657469a9d717fa8,,108,,Queuing traffic,,2023-12-24T21:15:32Z,,20,6,,59.2614837178,18.0999447028,2,12,,,,,,,2023-12-24T20:10:00Z,,,,Feature,,,
73,73.0,73,e7615170113605e3d8550df6a1de6cfa,e7615170113605e3d8550df6a1de6cfa,,122,,Heavy traffic,,2023-12-24T21:15:32Z,,20,6,,59.3005849439,18.0190962176,1,12,,,,,,,2023-12-24T20:10:30Z,,,,Feature,,,
74,74.0,74,8662ce02900d0800c3c3df1b2411c4ed,8662ce02900d0800c3c3df1b2411c4ed,,122,,Heavy traffic,,2023-12-24T21:15:32Z,,20,6,,59.2629026038,18.1243165951,1,12,,,,,,,2023-12-24T20:10:30Z,,,,Feature,,,
75,75.0,75,bb21bd31eda699d3548c6cf5b9e12ba6,bb21bd31eda699d3548c6cf5b9e12ba6,,1101,,Heavy snowfall,,2023-12-24T21:17:32Z,,20,5,,59.3450640351,18.0277798693,1,12,,,,,,,2023-12-24T20:13:30Z,,,,Feature,,,
76,76.0,76,e3e9a42190d2ed0a70a58f4ed83d000d,e3e9a42190d2ed0a70a58f4ed83d000d,,1101,,Heavy snowfall,,2023-12-24T21:19:33Z,,20,5,,59.2994436921,18.0126776914,1,12,,,,,,,2023-12-24T20:15:30Z,,,,Feature,,,
77,77.0,77,622abb212be83f113441ec6375c34b21,622abb212be83f113441ec6375c34b21,,1101,,Heavy snowfall,,2023-12-24T21:21:34Z,,20,5,,59.3740694334,18.0177108566,1,12,,,,,,,2023-12-24T20:14:00Z,,,,Feature,,,
78,78.0,78,e50dee8bea4df69f7490ec0356ed91a0,e50dee8bea4df69f7490ec0356ed91a0,,1101,,Heavy snowfall,,2023-12-24T21:21:34Z,,20,5,,59.2535953567,18.1701300661,1,12,,,,,,,2023-12-24T20:17:00Z,,,,Feature,,,
79,79.0,79,af046a253945546eb477c51c8631360b,af046a253945546eb477c51c8631360b,,1101,,Heavy snowfall,,2023-12-24T21:23:34Z,,20,5,,59.3872511813,18.0020279805,1,12,,,,,,,2023-12-24T20:13:30Z,,,,Feature,,,
80,80.0,80,53be4b6c3e8e58a7b6e7919508a746c1,53be4b6c3e8e58a7b6e7919508a746c1,,1101,,Heavy snowfall,,2023-12-24T21:23:34Z,,20,5,,59.4020851153,18.0369972806,1,12,,,,,,,2023-12-24T20:17:30Z,,,,Feature,,,
81,81.0,81,23f73a19139c40bfff988ff280cb9227,23f73a19139c40bfff988ff280cb9227,,1101,,Heavy snowfall,,2023-12-24T21:25:34Z,,20,5,,59.3666316862,18.0530368905,1,12,,,,,,,2023-12-24T20:15:00Z,,,,Feature,,,
82,82.0,82,af95709301a05fb98703082ab4928628,af95709301a05fb98703082ab4928628,,1101,,Heavy snowfall,,2023-12-24T21:25:34Z,,20,5,,59.3782617171,18.0438382547,1,12,,,,,,,2023-12-24T20:17:00Z,,,,Feature,,,
83,83.0,83,bc479ebf2f30a1904c7f3dcbc4f7deda,bc479ebf2f30a1904c7f3dcbc4f7deda,,1101,,Heavy snowfall,,2023-12-24T21:27:34Z,,20,5,,59.3387206175,18.02989345,1,12,,,,,,,2023-12-24T20:14:30Z,,,,Feature,,,
84,84.0,84,c8b788b69026f7b98e0657a526b74f42,c8b788b69026f7b98e0657a526b74f42,,122,,Heavy traffic,,2023-12-24T21:29:34Z,,20,6,,59.3424783776,18.0099726836,1,12,,,,,,,2023-12-24T20:12:00Z,,,,Feature,,,
85,85.0,85,9b6e0db28237534a0130f9971a167792,9b6e0db28237534a0130f9971a167792,,1101,,Heavy snowfall,,2023-12-24T21:29:34Z,,20,5,,59.3542988664,18.0371810119,1,12,,,,,,,2023-12-24T20:14:00Z,,,,Feature,,,
86,86.0,86,a6b00cc5fc0960064d463d78a632fe78,a6b00cc5fc0960064d463d78a632fe78,,1101,,Heavy snowfall,,2023-12-24T21:29:34Z,,20,5,,59.3800159127,18.0105842273,1,12,,,,,,,2023-12-24T20:24:00Z,,,,Feature,,,
87,87.0,87,06360e2b2e8fb1eec25156ac15fd0269,06360e2b2e8fb1eec25156ac15fd0269,,122,,Heavy traffic,,2023-12-24T21:29:34Z,,20,6,,59.3508777119,18.1033873181,1,12,,,,,,,2023-12-24T20:25:30Z,,,,Feature,,,
88,88.0,88,7509dc47cb4a3a57aadd7f92a4c77fa3,7509dc47cb4a3a57aadd7f92a4c77fa3,,122,,Heavy traffic,,2023-12-24T21:29:34Z,,20,6,,59.2619249411,18.1324316184,1,12,,,,,,,2023-12-24T20:25:30Z,,,,Feature,,,
89,89.0,89,30e41137b7b764660cc2ab315bd046ef,30e41137b7b764660cc2ab315bd046ef,,101,,Stationary traffic,,2023-12-24T21:31:34Z,,20,6,,59.3202710168,18.0730729918,3,12,,,,,,,2023-12-24T20:26:00Z,,,,Feature,,,
90,90.0,90,061ba5334a48faae2073313e33320700,061ba5334a48faae2073313e33320700,,1101,,Heavy snowfall,,2023-12-24T21:31:34Z,,20,5,,59.3335949092,18.0507610361,1,12,,,,,,,2023-12-24T20:28:00Z,,,,Feature,,,
91,91.0,91,059f66e8b3318cc10ef0a45cd5242cdf,059f66e8b3318cc10ef0a45cd5242cdf,,1101,,Heavy snowfall,,2023-12-24T21:35:35Z,,20,5,,59.3643330328,18.1259916346,1,12,,,,,,,2023-12-24T20:18:30Z,,,,Feature,,,
92,92.0,92,e11ecd1592dcd18daf1891317b41722d,e11ecd1592dcd18daf1891317b41722d,,1101,,Heavy snowfall,,2023-12-24T21:35:35Z,,20,5,,59.2932786277,17.9997226219,1,12,,,,,,,2023-12-24T20:19:30Z,,,,Feature,,,
93,93.0,93,4db95f44892fd6176816725303a79150,4db95f44892fd6176816725303a79150,,122,,Heavy traffic,,2023-12-24T21:37:35Z,,20,6,,59.3258875784,18.0044996361,1,12,,,,,,,2023-12-24T20:11:30Z,,,,Feature,,,
94,94.0,94,cb11f147652b88ba19c797db5da4a87b,cb11f147652b88ba19c797db5da4a87b,,1101,,Heavy snowfall,,2023-12-24T21:37:35Z,,20,5,,59.262089879,18.1305755298,1,12,,,,,,,2023-12-24T20:16:30Z,,,,Feature,,,
95,95.0,95,f92ee28b207587fdc36cfbc278e1b8c1,f92ee28b207587fdc36cfbc278e1b8c1,,1101,,Heavy snowfall,,2023-12-24T21:37:35Z,,20,5,,59.3824553609,18.0412485818,1,12,,,,,,,2023-12-24T20:34:00Z,,,,Feature,,,
96,96.0,96,c24da4c7d74856cff49f5147d860e461,c24da4c7d74856cff49f5147d860e461,,1101,,Heavy snowfall,,2023-12-24T21:39:35Z,,20,5,,59.3734015561,18.0184699218,1,12,,,,,,,2023-12-24T20:19:30Z,,,,Feature,,,
97,97.0,97,1268035d38771d956163d704a979d211,1268035d38771d956163d704a979d211,,211,,Broken down vehicle,,2023-12-24T21:39:35Z,,20,14,,59.3007096837,18.104245625,0,12,,,,,,,2023-12-24T20:33:34Z,,,,Feature,,,
98,98.0,98,29606c33a4c120496dc3035f2ca4c00f,29606c33a4c120496dc3035f2ca4c00f,,1101,,Heavy snowfall,,2023-12-24T21:39:35Z,,20,5,,59.3608729924,18.1110718469,1,12,,,,,,,2023-12-24T20:35:00Z,,,,Feature,,,
99,99.0,99,0e1ccd2f80ae65617629c9c136896688,0e1ccd2f80ae65617629c9c136896688,,1101,,Heavy snowfall,,2023-12-24T21:41:35Z,,20,5,,59.3782617171,18.0438382547,1,12,,,,,,,2023-12-24T20:26:00Z,,,,Feature,,,
100,100.0,100,a301476e8016087dde51e079bd787fea,a301476e8016087dde51e079bd787fea,,1101,,Heavy snowfall,,2023-12-24T21:41:35Z,,20,5,,59.3075815218,18.0109436433,1,12,,,,,,,2023-12-24T20:35:00Z,,,,Feature,,,
101,101.0,101,132d6840a8b7948d9f1be29c343646ac,132d6840a8b7948d9f1be29c343646ac,,1101,,Heavy snowfall,,2023-12-24T21:43:36Z,,20,5,,59.3734015561,18.0184699218,1,12,,,,,,,2023-12-24T20:19:30Z,,,,Feature,,,
102,102.0,102,bac985b910a89a2c35bf1e412cd9988c,bac985b910a89a2c35bf1e412cd9988c,,1101,,Heavy snowfall,,2023-12-24T21:45:36Z,,20,5,,59.3470609255,18.0307772379,1,12,,,,,,,2023-12-24T20:11:30Z,,,,Feature,,,
103,103.0,103,6faf973f907fd3c86214d95211cfae95,6faf973f907fd3c86214d95211cfae95,,1101,,Heavy snowfall,,2023-12-24T21:45:36Z,,20,5,,59.3990059469,17.9771370809,1,12,,,,,,,2023-12-24T20:11:30Z,,,,Feature,,,
104,104.0,104,84b9e84db08fd377a89364cbc4804663,84b9e84db08fd377a89364cbc4804663,,115,,Slow traffic,,2023-12-24T21:45:36Z,,20,6,,59.3562595832,18.0603901665,1,12,,,,,,,2023-12-24T20:40:30Z,,,,Feature,,,
105,105.0,105,d0a0799411d3af1ece078fc149295b14,d0a0799411d3af1ece078fc149295b14,,1101,,Heavy snowfall,,2023-12-24T21:47:36Z,,20,5,,59.2695424362,18.0954600494,1,12,,,,,,,2023-12-24T20:19:30Z,,,,Feature,,,
106,106.0,106,d3064e6ac5e8362b6022e42e250f2a7a,d3064e6ac5e8362b6022e42e250f2a7a,,1101,,Heavy snowfall,,2023-12-24T21:49:36Z,,20,5,,59.3642686654,18.0539796869,1,12,,,,,,,2023-12-24T20:26:30Z,,,,Feature,,,
107,107.0,107,0c7019a9e9abb3d12c335864612d66ed,0c7019a9e9abb3d12c335864612d66ed,,1101,,Heavy snowfall,,2023-12-24T21:51:36Z,,20,5,,59.3826417853,18.0415369193,1,12,,,,,,,2023-12-24T20:21:30Z,,,,Feature,,,
108,108.0,108,62501da3b3a55e01014a426c5e23404c,62501da3b3a55e01014a426c5e23404c,,115,,Slow traffic,,2023-12-24T21:51:36Z,,20,6,,59.3123692343,18.1548307459,1,12,,,,,,,2023-12-24T20:27:30Z,,,,Feature,,,
109,109.0,109,8e359101f774a855d97101cafd059ed5,8e359101f774a855d97101cafd059ed5,,1101,,Heavy snowfall,,2023-12-24T21:51:36Z,,20,5,,59.3047544729,18.0181212346,1,12,,,,,,,2023-12-24T20:19:30Z,,,,Feature,,,
110,110.0,110,e210a3387e7fe85d0faeb19e4dc821e3,e210a3387e7fe85d0faeb19e4dc821e3,,101,,Stationary traffic,,2023-12-24T21:55:37Z,,20,6,,59.3449513815,18.0272823195,3,12,,,,,,,2023-12-24T20:50:00Z,,,,Feature,,,
111,111.0,111,46ac44e995634a205f353957d0214812,46ac44e995634a205f353957d0214812,,1101,,Heavy snowfall,,2023-12-24T21:55:37Z,,20,5,,59.3826417853,18.0415369193,1,12,,,,,,,2023-12-24T20:48:30Z,,,,Feature,,,
112,112.0,112,b45dcd495c4c956f3aff1995fdde45c9,b45dcd495c4c956f3aff1995fdde45c9,,1101,,Heavy snowfall,,2023-12-24T21:55:37Z,,20,5,,59.3766778765,18.0456755678,1,12,,,,,,,2023-12-24T20:51:00Z,,,,Feature,,,
113,113.0,113,4e60605558892f943e5be9a54ba66538,4e60605558892f943e5be9a54ba66538,,101,,Stationary traffic,,2023-12-24T21:57:37Z,,20,6,,59.2960842041,18.0429933588,3,12,,,,,,,2023-12-24T20:54:30Z,,,,Feature,,,
114,114.0,114,33266ea54ad9c75b16a8503d6743cfed,33266ea54ad9c75b16a8503d6743cfed,,1101,,Heavy snowfall,,2023-12-24T21:59:37Z,,20,5,,59.3474445037,18.0315711717,1,12,,,,,,,2023-12-24T20:41:00Z,,,,Feature,,,
115,115.0,115,766a268f45afbc5e79805f58f747aa50,766a268f45afbc5e79805f58f747aa50,,1101,,Heavy snowfall,,2023-12-24T21:59:37Z,,20,5,,59.362687503,18.1155296783,1,12,,,,,,,2023-12-24T20:54:30Z,,,,Feature,,,
116,116.0,116,b2435e280704942dafdd74527bf5de95,b2435e280704942dafdd74527bf5de95,,122,,Heavy traffic,,2023-12-24T22:03:38Z,,20,6,,59.3586212821,18.0295259873,1,12,,,,,,,2023-12-24T20:57:00Z,,,,Feature,,,
117,117.0,117,5c3de231716c2cee7e00547e9d44be79,5c3de231716c2cee7e00547e9d44be79,,1101,,Heavy snowfall,,2023-12-24T22:05:38Z,,20,5,,59.3256998159,18.004344068,1,12,,,,,,,2023-12-24T20:19:30Z,,,,Feature,,,
118,118.0,118,5f3b83121fccf2311198153d4b60fa8c,5f3b83121fccf2311198153d4b60fa8c,,1101,,Heavy snowfall,,2023-12-24T22:05:38Z,,20,5,,59.3826417853,18.0415369193,1,12,,,,,,,2023-12-24T20:48:30Z,,,,Feature,,,
119,119.0,119,a10e079b6af8638eac1e7847cac5e347,a10e079b6af8638eac1e7847cac5e347,,108,,Queuing traffic,,2023-12-24T22:05:38Z,,20,6,,59.3356333842,18.0875663082,2,12,,,,,,,2023-12-24T20:59:30Z,,,,Feature,,,
120,120.0,120,194c839067951e9ef3e77ff8ad240fa9,194c839067951e9ef3e77ff8ad240fa9,,122,,Heavy traffic,,2023-12-24T22:05:38Z,,20,6,,59.3464587981,18.0298143248,1,12,,,,,,,2023-12-24T20:41:00Z,,,,Feature,,,
121,121.0,121,1455d598a42c3806e6bb24843eea174b,1455d598a42c3806e6bb24843eea174b,,1101,,Heavy snowfall,,2023-12-24T22:07:38Z,,20,5,,59.3325622444,18.009784929,1,12,,,,,,,2023-12-24T20:41:00Z,,,,Feature,,,
122,122.0,122,07a9bc55b85cf0c3e98626eb8d2eaf29,07a9bc55b85cf0c3e98626eb8d2eaf29,,122,,Heavy traffic,,2023-12-24T22:07:38Z,,21,6,,59.4016063283,17.9734463612,1,12,,,,,,,2023-12-24T21:03:30Z,,,,Feature,,,
123,123.0,123,43bdb22e1bff59de16a4114d7e9ab1d8,43bdb22e1bff59de16a4114d7e9ab1d8,,115,,Slow traffic,,2023-12-24T22:07:38Z,,21,6,,59.2980140459,18.0300570647,1,12,,,,,,,2023-12-24T21:04:00Z,,,,Feature,,,
124,124.0,124,763833406199935934352077e6b81b57,763833406199935934352077e6b81b57,,122,,Heavy traffic,,2023-12-24T22:07:38Z,,20,6,,59.3918994275,18.0442338805,1,12,,,,,,,2023-12-24T20:48:30Z,,,,Feature,,,
125,125.0,125,193e7887fb69dc8e50b09df4ca88d2f9,193e7887fb69dc8e50b09df4ca88d2f9,,108,,Queuing traffic,,2023-12-24T22:11:38Z,,21,6,,59.2579847889,18.0816171686,2,12,,,,,,,2023-12-24T21:04:30Z,,,,Feature,,,
126,126.0,126,25c00d584f62ef79e8d449122ea4f0ce,25c00d584f62ef79e8d449122ea4f0ce,,122,,Heavy traffic,,2023-12-24T22:13:38Z,,20,6,,59.3049770941,18.017574064,1,12,,,,,,,2023-12-24T20:58:00Z,,,,Feature,,,
127,127.0,127,eea4a60542d5182cd5150abb58494d96,eea4a60542d5182cd5150abb58494d96,,1101,,Heavy snowfall,,2023-12-24T22:15:39Z,,20,5,,59.3375055834,18.0350084226,1,12,,,,,,,2023-12-24T20:38:30Z,,,,Feature,,,
128,128.0,128,66376d9a71bc71aab37f4f063c725778,66376d9a71bc71aab37f4f063c725778,,122,,Heavy traffic,,2023-12-24T22:15:39Z,,20,6,,59.4053051257,17.9654708127,1,12,,,,,,,2023-12-24T20:11:30Z,,,,Feature,,,
129,129.0,129,682d1c1d4ad87b1b8111966faab7916b,682d1c1d4ad87b1b8111966faab7916b,,122,,Heavy traffic,,2023-12-24T22:15:39Z,,21,6,,59.3654340516,18.053479455,1,12,,,,,,,2023-12-24T21:06:30Z,,,,Feature,,,
130,130.0,130,574d99db5ed674cf3589f40ee0bdf3f4,574d99db5ed674cf3589f40ee0bdf3f4,,122,,Heavy traffic,,2023-12-24T22:17:39Z,,20,6,,59.3487011023,18.0346919219,1,12,,,,,,,2023-12-24T20:41:00Z,,,,Feature,,,
131,131.0,131,bee0e68ab1a4c4361dbb477864f9962a,bee0e68ab1a4c4361dbb477864f9962a,,122,,Heavy traffic,,2023-12-24T22:17:39Z,,21,6,,59.2907184781,17.9951789598,1,12,,,,,,,2023-12-24T21:09:30Z,,,,Feature,,,
132,132.0,132,3fdb1382ae849d20e9caef844a5f21ba,3fdb1382ae849d20e9caef844a5f21ba,,122,,Heavy traffic,,2023-12-24T22:19:39Z,,20,6,,59.3354027131,18.0102610211,1,12,,,,,,,2023-12-24T20:57:00Z,,,,Feature,,,
133,133.0,133,70259760eedbaaa1f748a55996dfc84a,70259760eedbaaa1f748a55996dfc84a,,1101,,Heavy snowfall,,2023-12-24T22:21:39Z,,20,5,,59.4078773389,17.9592708866,1,12,,,,,,,2023-12-24T20:11:30Z,,,,Feature,,,
134,134.0,134,68e75b36a8822e84753762cdaca265a7,68e75b36a8822e84753762cdaca265a7,,122,,Heavy traffic,,2023-12-24T22:21:39Z,,20,6,,59.3586212821,18.0295259873,1,12,,,,,,,2023-12-24T20:57:00Z,,,,Feature,,,
135,135.0,135,65c2610e724d806af06cfd56e2d74e78,65c2610e724d806af06cfd56e2d74e78,,1101,,Heavy snowfall,,2023-12-24T22:21:39Z,,21,5,,59.2642879742,18.1425958495,1,12,,,,,,,2023-12-24T21:15:30Z,,,,Feature,,,
136,136.0,136,6371507a853ea71a6b5a94cc6cbb9071,6371507a853ea71a6b5a94cc6cbb9071,,1101,,Heavy snowfall,,2023-12-24T22:23:39Z,,20,5,,59.2644421911,18.098431937,1,12,,,,,,,2023-12-24T20:51:30Z,,,,Feature,,,
137,137.0,137,3188a6f81285484da2e7d819b761a64c,3188a6f81285484da2e7d819b761a64c,,1101,,Heavy snowfall,,2023-12-24T22:25:40Z,,21,5,,59.365353627,18.053506277,1,12,,,,,,,2023-12-24T21:14:30Z,,,,Feature,,,
138,138.0,138,6f17b28a39bdfe2a321cff1b9d86c7c4,6f17b28a39bdfe2a321cff1b9d86c7c4,,1101,,Heavy snowfall,,2023-12-24T22:27:40Z,,21,5,,59.3057951708,18.0154148857,1,12,,,,,,,2023-12-24T21:17:00Z,,,,Feature,,,
139,139.0,139,b8cda5d9b6bb9961663e912a5b6135ff,b8cda5d9b6bb9961663e912a5b6135ff,,1101,,Heavy snowfall,,2023-12-24T22:27:40Z,,21,5,,59.2784446606,18.0922185998,1,12,,,,,,,2023-12-24T21:22:30Z,,,,Feature,,,
140,140.0,140,684c8daa93aa4ac2f7b6191a7b3ad2ae,684c8daa93aa4ac2f7b6191a7b3ad2ae,,1101,,Heavy snowfall,,2023-12-24T22:29:40Z,,21,5,,59.3983407368,18.0375846843,1,12,,,,,,,2023-12-24T21:16:30Z,,,,Feature,,,
141,141.0,141,23d5e7338b1ace92d1ae475e0908633c,23d5e7338b1ace92d1ae475e0908633c,,101,,Stationary traffic,,2023-12-24T22:31:40Z,,21,6,,59.3070101838,18.0263194065,3,12,,,,,,,2023-12-24T21:01:00Z,,,,Feature,,,
142,142.0,142,7a9d93827bae8d8d2594a94b491d3431,7a9d93827bae8d8d2594a94b491d3431,,115,,Slow traffic,,2023-12-24T22:31:40Z,,20,6,,59.3402923818,18.0264561991,1,12,,,,,,,2023-12-24T20:38:30Z,,,,Feature,,,
143,143.0,143,ab169acf187735d638c1e17e0905f202,ab169acf187735d638c1e17e0905f202,,115,,Slow traffic,,2023-12-24T22:33:40Z,,21,6,,59.3291934141,18.0558679621,1,12,,,,,,,2023-12-24T21:05:00Z,,,,Feature,,,
144,144.0,144,45591c6d25a6aa914cec306a3759c4a8,45591c6d25a6aa914cec306a3759c4a8,,122,,Heavy traffic,,2023-12-24T22:33:40Z,,21,6,,59.4073824664,18.0348823587,1,12,,,,,,,2023-12-24T21:11:30Z,,,,Feature,,,
145,145.0,145,52a928717b434454113ef3fa124ccfcf,52a928717b434454113ef3fa124ccfcf,,1101,,Heavy snowfall,,2023-12-24T22:33:40Z,,21,5,,59.2889026035,17.9768500845,1,12,,,,,,,2023-12-24T21:25:30Z,,,,Feature,,,
146,146.0,146,0743068682e337e5d2f90779c237a065,0743068682e337e5d2f90779c237a065,,1101,,Heavy snowfall,,2023-12-24T22:33:40Z,,21,5,,59.3557150815,18.0343660335,1,12,,,,,,,2023-12-24T21:26:30Z,,,,Feature,,,
147,147.0,147,f0ec244d057e4b16af798b5aee3c3d31,f0ec244d057e4b16af798b5aee3c3d31,,1101,,Heavy snowfall,,2023-12-24T22:35:41Z,,20,5,,59.4067615299,17.9619530956,1,12,,,,,,,2023-12-24T20:11:30Z,,,,Feature,,,
148,148.0,148,025024dcafe5ed8dcc0f0569ad2e37d6,025024dcafe5ed8dcc0f0569ad2e37d6,,1101,,Heavy snowfall,,2023-12-24T22:39:41Z,,21,5,,59.344153436,18.0234226207,1,12,,,,,,,2023-12-24T21:21:00Z,,,,Feature,,,
149,149.0,149,48f348e18ecd3b7ec8bf780e3859e047,48f348e18ecd3b7ec8bf780e3859e047,,1101,,Heavy snowfall,,2023-12-24T22:39:41Z,,21,5,,59.3782617171,18.0438382547,1,12,,,,,,,2023-12-24T21:33:00Z,,,,Feature,,,
150,150.0,150,9fc04398cbe13f971f899a3d721edd08,9fc04398cbe13f971f899a3d721edd08,,1101,,Heavy snowfall,,2023-12-24T22:39:41Z,,21,5,,59.3442942563,18.0212862412,1,12,,,,,,,2023-12-24T21:21:00Z,,,,Feature,,,
151,151.0,151,6b72be8bf31a96dfc176a25554813fd3,6b72be8bf31a96dfc176a25554813fd3,,1101,,Heavy snowfall,,2023-12-24T22:41:41Z,,21,5,,59.3123048966,18.1531114499,1,12,,,,,,,2023-12-24T21:32:30Z,,,,Feature,,,
152,152.0,152,94db7692f9a75f4883bc6da92e58676e,94db7692f9a75f4883bc6da92e58676e,,101,,Stationary traffic,,2023-12-24T22:41:41Z,,21,6,,59.3268411274,18.0488593499,3,12,,,,,,,2023-12-24T21:38:00Z,,,,Feature,,,
153,153.0,153,fd9cd5cd6860278e53e752799d9edb49,fd9cd5cd6860278e53e752799d9edb49,,122,,Heavy traffic,,2023-12-24T22:47:42Z,,21,6,,59.2975889534,18.0062618474,1,12,,,,,,,2023-12-24T21:25:30Z,,,,Feature,,,
154,154.0,154,30183f30165701366073275de59ef06a,30183f30165701366073275de59ef06a,,1101,,Heavy snowfall,,2023-12-24T22:49:42Z,,21,5,,59.2495961706,18.2125505428,1,12,,,,,,,2023-12-24T21:14:30Z,,,,Feature,,,
155,155.0,155,c757404faa486deb7939fe124965375e,c757404faa486deb7939fe124965375e,,101,,Stationary traffic,,2023-12-24T22:49:42Z,,21,6,,59.3184256682,18.0699039619,3,12,,,,,,,2023-12-24T21:20:30Z,,,,Feature,,,
156,156.0,156,cadfe5cdb1076ca60ad317515ae3e8b9,cadfe5cdb1076ca60ad317515ae3e8b9,,101,,Stationary traffic,,2023-12-24T22:51:42Z,,21,6,,59.2650094891,18.0987698953,3,12,,,,,,,2023-12-24T21:37:00Z,,,,Feature,,,
157,157.0,157,0de78543bac94fd140b36053450fc540,0de78543bac94fd140b36053450fc540,,115,,Slow traffic,,2023-12-24T22:53:42Z,,21,6,,59.2593258868,18.1002196293,1,12,,,,,,,2023-12-24T21:48:30Z,,,,Feature,,,
158,158.0,158,3c48cef33bcd7b2184ec0a27c7d4896e,3c48cef33bcd7b2184ec0a27c7d4896e,,1101,,Heavy snowfall,,2023-12-24T23:01:43Z,,21,5,,59.2957998949,18.0034736912,1,12,,,,,,,2023-12-24T21:25:30Z,,,,Feature,,,
159,159.0,159,4892cfd4f8b66f1506f2bb3d21bd6b1d,4892cfd4f8b66f1506f2bb3d21bd6b1d,,1101,,Heavy snowfall,,2023-12-24T23:01:43Z,,21,5,,59.3974516218,17.9797669868,1,12,,,,,,,2023-12-24T21:39:00Z,,,,Feature,,,
160,160.0,160,23f31f983cc2fea66bab57983e561952,23f31f983cc2fea66bab57983e561952,,122,,Heavy traffic,,2023-12-24T23:03:43Z,,21,6,,59.4463415773,18.1214439492,1,12,,,,,,,2023-12-24T21:11:30Z,,,,Feature,,,
161,161.0,161,6cef90f6d27ce766b5972dea19dc7825,6cef90f6d27ce766b5972dea19dc7825,,115,,Slow traffic,,2023-12-24T23:05:43Z,,21,6,,59.1981970029,18.1336801867,1,12,,,,,,,2023-12-24T21:14:00Z,,,,Feature,,,
162,162.0,162,db0eb3eb0a2487f0b314922b8f36e430,db0eb3eb0a2487f0b314922b8f36e430,,122,,Heavy traffic,,2023-12-24T23:05:43Z,,21,6,,59.3875341285,18.0019408087,1,12,,,,,,,2023-12-24T21:20:30Z,,,,Feature,,,
163,163.0,163,c9d7d5fc078eae022a2c07de5ec2b6d3,c9d7d5fc078eae022a2c07de5ec2b6d3,,122,,Heavy traffic,,2023-12-24T23:07:44Z,,21,6,,59.2623111943,18.1222714107,1,12,,,,,,,2023-12-24T21:51:30Z,,,,Feature,,,
164,164.0,164,22320a9f1efc6178cb3025086e03028e,22320a9f1efc6178cb3025086e03028e,,1101,,Heavy snowfall,,2023-12-24T23:07:44Z,,21,5,,59.3865229518,18.0032631378,1,12,,,,,,,2023-12-24T21:20:30Z,,,,Feature,,,
165,165.0,165,4004d0a50de1cfbd18baf599a44d2d36,4004d0a50de1cfbd18baf599a44d2d36,,115,,Slow traffic,,2023-12-24T23:07:44Z,,22,6,,59.3643236361,18.1259259205,1,12,,,,,,,2023-12-24T22:04:00Z,,,,Feature,,,
166,166.0,166,06e3f46420388d093df14f36ea1db9b6,06e3f46420388d093df14f36ea1db9b6,,122,,Heavy traffic,,2023-12-24T23:09:44Z,,22,6,,59.3773363816,18.0450130622,1,12,,,,,,,2023-12-24T22:04:00Z,,,,Feature,,,
167,167.0,167,d8743f3196f5bd8727631f11c8737187,d8743f3196f5bd8727631f11c8737187,,122,,Heavy traffic,,2023-12-24T23:11:44Z,,21,6,,59.3841317342,18.0061706523,1,12,,,,,,,2023-12-24T21:20:30Z,,,,Feature,,,
168,168.0,168,405d5d271543cf97a168b369208fb3ca,405d5d271543cf97a168b369208fb3ca,,122,,Heavy traffic,,2023-12-24T23:13:44Z,,21,6,,59.344153436,18.0234226207,1,12,,,,,,,2023-12-24T21:57:30Z,,,,Feature,,,
169,169.0,169,71da72dbf877dd0a08f417fdcb91bafc,71da72dbf877dd0a08f417fdcb91bafc,,122,,Heavy traffic,,2023-12-24T23:15:44Z,,22,6,,59.3353866396,18.0102529745,1,12,,,,,,,2023-12-24T22:07:30Z,,,,Feature,,,
170,170.0,170,639884c11354766f35cfa3aeae187de7,639884c11354766f35cfa3aeae187de7,,122,,Heavy traffic,,2023-12-24T23:15:44Z,,22,6,,59.3782617171,18.0438382547,1,12,,,,,,,2023-12-24T22:10:30Z,,,,Feature,,,
171,171.0,171,7239c609ebf9169a369ccfda1e78904a,7239c609ebf9169a369ccfda1e78904a,,122,,Heavy traffic,,2023-12-24T23:17:45Z,,22,6,,59.3929159917,18.0436786632,1,12,,,,,,,2023-12-24T22:12:30Z,,,,Feature,,,
172,172.0,172,1f2ebdc148f8e6fd6b3a7e0a3fe147c4,1f2ebdc148f8e6fd6b3a7e0a3fe147c4,,115,,Slow traffic,,2023-12-24T23:19:45Z,,22,6,,59.2680229542,18.0963827293,1,12,,,,,,,2023-12-24T22:16:00Z,,,,Feature,,,
173,173.0,173,fb619606017765e92112e00a902ed22d,fb619606017765e92112e00a902ed22d,,122,,Heavy traffic,,2023-12-24T23:21:45Z,,22,6,,59.3824151475,18.0079932134,1,12,,,,,,,2023-12-24T22:01:30Z,,,,Feature,,,
174,174.0,174,ce2ccc79499ab1b2b72d8c36d5cf1fae,ce2ccc79499ab1b2b72d8c36d5cf1fae,,122,,Heavy traffic,,2023-12-24T23:23:45Z,,22,6,,59.4095751904,18.0340750138,1,12,,,,,,,2023-12-24T22:12:00Z,,,,Feature,,,
175,175.0,175,8805c21437b9517fa818eedbe87e488d,8805c21437b9517fa818eedbe87e488d,,122,,Heavy traffic,,2023-12-24T23:23:45Z,,22,6,,59.3365560527,18.0108068506,1,12,,,,,,,2023-12-24T22:15:30Z,,,,Feature,,,
176,176.0,176,be14a5d43f71b3b32a17e091ef9564cd,be14a5d43f71b3b32a17e091ef9564cd,,115,,Slow traffic,,2023-12-24T23:27:45Z,,22,6,,59.3015411711,18.0800708751,1,12,,,,,,,2023-12-24T22:22:00Z,,,,Feature,,,
177,177.0,177,1d3d6b72f72b41fa2964696b12fca4ab,1d3d6b72f72b41fa2964696b12fca4ab,,101,,Stationary traffic,,2023-12-24T23:29:46Z,,22,6,,59.2983104477,18.0607039849,3,12,,,,,,,2023-12-24T22:07:00Z,,,,Feature,,,
178,178.0,178,30258c8bd483ab96f389358f7a5b43db,30258c8bd483ab96f389358f7a5b43db,,122,,Heavy traffic,,2023-12-24T23:29:46Z,,22,6,,59.3846493996,18.0055456976,1,12,,,,,,,2023-12-24T22:25:00Z,,,,Feature,,,
179,179.0,179,2388d46a584408f7fc6ef98cadee5781,2388d46a584408f7fc6ef98cadee5781,,115,,Slow traffic,,2023-12-24T23:29:46Z,,22,6,,59.26126244,18.1064946573,1,12,,,,,,,2023-12-24T22:26:00Z,,,,Feature,,,
180,180.0,180,514fd9cb7a330167eaadaffd9f2582d9,514fd9cb7a330167eaadaffd9f2582d9,,101,,Stationary traffic,,2023-12-24T23:31:46Z,,22,6,,59.305907826,18.0102945487,3,12,,,,,,,2023-12-24T22:16:00Z,,,,Feature,,,
181,181.0,181,47a51447c22ce24a93b2a3e4e5e5886b,47a51447c22ce24a93b2a3e4e5e5886b,,115,,Slow traffic,,2023-12-24T23:31:46Z,,22,6,,59.245402523,18.18447452,1,12,,,,,,,2023-12-24T22:23:00Z,,,,Feature,,,
182,182.0,182,88a39b4572c57b69ae6a50420caea7b0,88a39b4572c57b69ae6a50420caea7b0,,115,,Slow traffic,,2023-12-24T23:31:46Z,,22,6,,59.3206049882,18.0685132365,1,12,,,,,,,2023-12-24T22:27:00Z,,,,Feature,,,
183,183.0,183,8d0fe1a96bed42b528a12b6d79155fb4,8d0fe1a96bed42b528a12b6d79155fb4,,115,,Slow traffic,,2023-12-24T23:35:46Z,,22,6,,59.3407510486,18.0423456053,1,12,,,,,,,2023-12-24T22:30:00Z,,,,Feature,,,
184,184.0,184,1ef5293facbddbde8e84d5b63b3e3336,1ef5293facbddbde8e84d5b63b3e3336,,115,,Slow traffic,,2023-12-24T23:37:46Z,,22,6,,59.2605369041,18.0981020252,1,12,,,,,,,2023-12-24T22:32:30Z,,,,Feature,,,
185,185.0,185,cb9790f7d87c58498cc5332f2011e67e,cb9790f7d87c58498cc5332f2011e67e,,122,,Heavy traffic,,2023-12-24T23:37:46Z,,22,6,,59.2610304073,18.1581674139,1,12,,,,,,,2023-12-24T22:32:30Z,,,,Feature,,,
186,186.0,186,0b2bf5058ef9cf367d49aeb1bcf9bb2c,0b2bf5058ef9cf367d49aeb1bcf9bb2c,,122,,Heavy traffic,,2023-12-24T23:41:47Z,,22,6,,59.329540766,18.0544879655,1,12,,,,,,,2023-12-24T22:31:30Z,,,,Feature,,,
187,187.0,187,6b8ce0b5ca5bd7beb518363e27713f84,6b8ce0b5ca5bd7beb518363e27713f84,,122,,Heavy traffic,,2023-12-24T23:41:47Z,,22,6,,59.4065737878,18.0355354766,1,12,,,,,,,2023-12-24T22:34:30Z,,,,Feature,,,
188,188.0,188,e5ccd3b4a3bd80fb83e4b243993ae4e5,e5ccd3b4a3bd80fb83e4b243993ae4e5,,115,,Slow traffic,,2023-12-24T23:43:47Z,,22,6,,59.3280883548,18.0604840438,1,12,,,,,,,2023-12-24T22:30:30Z,,,,Feature,,,
189,189.0,189,78cb9b2beb0b4439729641fe82f13983,78cb9b2beb0b4439729641fe82f13983,,122,,Heavy traffic,,2023-12-24T23:43:47Z,,22,6,,59.3823950407,18.0080173532,1,12,,,,,,,2023-12-24T22:35:00Z,,,,Feature,,,
190,190.0,190,21cd44ac604df198eca97a42866bf8f3,21cd44ac604df198eca97a42866bf8f3,,108,,Queuing traffic,,2023-12-24T23:43:47Z,,22,6,,59.3064965532,18.0751905958,2,12,,,,,,,2023-12-24T22:37:00Z,,,,Feature,,,
191,191.0,191,82795506e88282ef4ff7481129c172eb,82795506e88282ef4ff7481129c172eb,,108,,Queuing traffic,,2023-12-24T23:47:47Z,,22,6,,59.2981387951,18.0955257635,2,12,,,,,,,2023-12-24T22:42:30Z,,,,Feature,,,
192,192.0,192,02457543f2d17bea2af63cc875e644f8,02457543f2d17bea2af63cc875e644f8,,115,,Slow traffic,,2023-12-24T23:57:48Z,,22,6,,59.2944587776,18.0847392599,1,12,,,,,,,2023-12-24T22:43:30Z,,,,Feature,,,
193,193.0,193,61c6d8d41aab0ed227ae7b08c411be3b,61c6d8d41aab0ed227ae7b08c411be3b,,122,,Heavy traffic,,2023-12-25T00:07:49Z,,22,6,,59.3782617171,18.0438382547,1,12,,,,,,,2023-12-24T22:57:30Z,,,,Feature,,,
194,194.0,194,be55e3983e7d39c055cb7e0d5ad1dfcd,be55e3983e7d39c055cb7e0d5ad1dfcd,,108,,Queuing traffic,,2023-12-25T00:07:49Z,,23,6,,59.2980288104,18.0827088277,2,12,,,,,,,2023-12-24T23:04:00Z,,,,Feature,,,
195,195.0,195,eaf40a2d852b0386224d7f03ac981ab0,eaf40a2d852b0386224d7f03ac981ab0,,101,,Stationary traffic,,2023-12-25T00:09:49Z,,22,6,,59.3182285406,18.07388436,3,12,,,,,,,2023-12-24T22:54:30Z,,,,Feature,,,
196,196.0,196,55e636de52abe4d64d67a903bd8ae173,55e636de52abe4d64d67a903bd8ae173,,122,,Heavy traffic,,2023-12-25T00:09:49Z,,23,6,,59.3841317342,18.0061706523,1,12,,,,,,,2023-12-24T23:04:30Z,,,,Feature,,,
197,197.0,197,6679ed63e0723bf68fbb37ea7703c39c,6679ed63e0723bf68fbb37ea7703c39c,,115,,Slow traffic,,2023-12-25T00:09:49Z,,23,6,,59.2994436921,18.0126776914,1,12,,,,,,,2023-12-24T23:05:00Z,,,,Feature,,,
198,198.0,198,ce774f180c50bfcd695b7784d0cef46d,ce774f180c50bfcd695b7784d0cef46d,,115,,Slow traffic,,2023-12-25T00:15:49Z,,23,6,,59.2957140838,18.0030499022,1,12,,,,,,,2023-12-24T23:12:00Z,,,,Feature,,,
199,199.0,199,13f51b5f980187e766d69eddb1550e5e,13f51b5f980187e766d69eddb1550e5e,,115,,Slow traffic,,2023-12-25T00:17:50Z,,22,6,,59.2676661927,17.9077389459,1,12,,,,,,,2023-12-24T22:28:30Z,,,,Feature,,,
200,200.0,200,67c48083cb07d8854563051d2d3f7a70,67c48083cb07d8854563051d2d3f7a70,,122,,Heavy traffic,,2023-12-25T00:17:50Z,,22,6,,59.2895610998,17.9903147737,1,12,,,,,,,2023-12-24T22:28:30Z,,,,Feature,,,
201,201.0,201,4ad73b1cf62e8d24de6a8a23437f3500,4ad73b1cf62e8d24de6a8a23437f3500,,101,,Stationary traffic,,2023-12-25T00:19:50Z,,23,6,,59.2611189192,18.014481477,3,12,,,,,,,2023-12-24T23:00:30Z,,,,Feature,,,
202,202.0,202,e6bb0b81499f8827e8696f6dab747ab0,e6bb0b81499f8827e8696f6dab747ab0,,108,,Queuing traffic,,2023-12-25T00:25:50Z,,23,6,,59.3015157103,18.0806073169,2,12,,,,,,,2023-12-24T23:22:00Z,,,,Feature,,,
203,203.0,203,69b2adb92189875576b667f6cfc01884,69b2adb92189875576b667f6cfc01884,,115,,Slow traffic,,2023-12-25T00:31:51Z,,22,6,,59.3075935868,18.0109195034,1,12,,,,,,,2023-12-24T22:28:30Z,,,,Feature,,,
204,204.0,204,186ae184e160c0face950f161ddab9d3,186ae184e160c0face950f161ddab9d3,,108,,Queuing traffic,,2023-12-25T00:33:51Z,,23,6,,59.2961606415,18.0531897764,2,12,,,,,,,2023-12-24T23:29:30Z,,,,Feature,,,
205,205.0,205,b3ceb2d4005a45810f2e8cfee34dc589,b3ceb2d4005a45810f2e8cfee34dc589,,115,,Slow traffic,,2023-12-25T00:37:51Z,,23,6,,59.3061116568,18.0753944437,1,12,,,,,,,2023-12-24T23:34:00Z,,,,Feature,,,
206,206.0,206,d50cb711313bafd403943c0b1c003ebe,d50cb711313bafd403943c0b1c003ebe,,122,,Heavy traffic,,2023-12-25T00:39:51Z,,22,6,,59.3431972101,18.0096816639,1,12,,,,,,,2023-12-24T22:28:30Z,,,,Feature,,,
207,207.0,207,6b5b1ca107c927f08ddd10f149e231f6,6b5b1ca107c927f08ddd10f149e231f6,,122,,Heavy traffic,,2023-12-25T00:43:52Z,,23,6,,59.3374385149,18.0110495905,1,12,,,,,,,2023-12-24T23:40:30Z,,,,Feature,,,
208,208.0,208,c788963d9ea0504526de2f399a4508b2,c788963d9ea0504526de2f399a4508b2,,108,,Queuing traffic,,2023-12-25T00:43:52Z,,23,6,,59.3521531118,18.0855667214,2,12,,,,,,,2023-12-24T23:40:00Z,,,,Feature,,,
209,209.0,209,17d2697304f5a5e459a39dfd208a8057,17d2697304f5a5e459a39dfd208a8057,,115,,Slow traffic,,2023-12-25T00:45:52Z,,23,6,,59.2980140459,18.0300570647,1,12,,,,,,,2023-12-24T23:41:00Z,,,,Feature,,,
210,210.0,210,4d00e80e1450c9fb586d4763f65aeceb,4d00e80e1450c9fb586d4763f65aeceb,,101,,Stationary traffic,,2023-12-25T00:57:53Z,,23,6,,59.336294567,18.0774463336,3,12,,,,,,,2023-12-24T23:26:00Z,,,,Feature,,,
211,211.0,211,739dd33ca83a896472789df5bd9d46fd,739dd33ca83a896472789df5bd9d46fd,,115,,Slow traffic,,2023-12-25T00:59:53Z,,23,6,,59.3045693748,18.0180072407,1,12,,,,,,,2023-12-24T23:52:30Z,,,,Feature,,,
212,212.0,212,21a2d57201cf04ef8f5f7fa1a7938cb0,21a2d57201cf04ef8f5f7fa1a7938cb0,,122,,Heavy traffic,,2023-12-25T01:09:54Z,,0,6,,59.3586212821,18.0295259873,1,12,,,,,,,2023-12-25T00:06:30Z,,,,Feature,,,
213,213.0,213,7caf20f7a413f5a6b4a074b4967d1be5,7caf20f7a413f5a6b4a074b4967d1be5,,122,,Heavy traffic,,2023-12-25T01:11:54Z,,0,6,,59.3905328219,17.9953144114,1,12,,,,,,,2023-12-25T00:08:00Z,,,,Feature,,,
214,214.0,214,77918225d392a57d5144ce8e75908817,77918225d392a57d5144ce8e75908817,,101,,Stationary traffic,,2023-12-25T01:19:55Z,,0,6,,59.2990534094,18.0986398082,3,12,,,,,,,2023-12-25T00:15:30Z,,,,Feature,,,
215,215.0,215,f3b60eb4c3f5c0c14222df5bd4297d87,f3b60eb4c3f5c0c14222df5bd4297d87,,115,,Slow traffic,,2023-12-25T01:21:55Z,,0,6,,59.2956993183,18.0033248286,1,12,,,,,,,2023-12-25T00:09:30Z,,,,Feature,,,
216,216.0,216,08fdd78db5c808a0b1e50575cbe350f9,08fdd78db5c808a0b1e50575cbe350f9,,101,,Stationary traffic,,2023-12-25T01:21:55Z,,0,6,,59.2741799602,18.0225669961,3,12,,,,,,,2023-12-25T00:15:30Z,,,,Feature,,,
217,217.0,217,0c74e569fa9e9cff253e979c678c8273,0c74e569fa9e9cff253e979c678c8273,,115,,Slow traffic,,2023-12-25T01:23:55Z,,0,6,,59.3521531118,18.0855667214,1,12,,,,,,,2023-12-25T00:20:30Z,,,,Feature,,,
218,218.0,218,b8a3570cea5fb4f888d2dbbd46c2f5cb,b8a3570cea5fb4f888d2dbbd46c2f5cb,,101,,Stationary traffic,,2023-12-25T01:27:55Z,,0,6,,59.3633325688,18.1188274543,3,12,,,,,,,2023-12-25T00:20:30Z,,,,Feature,,,
219,219.0,219,4b3413469447c8a02ebaa95a6f757da0,4b3413469447c8a02ebaa95a6f757da0,,201,,Accident,,2023-12-25T01:33:56Z,,0,1,,59.3185329781,17.998672537,0,12,,,,,,,2023-12-25T00:16:39Z,,,,Feature,,,
220,220.0,220,45f21d2b32fdc34205ff4605facf7a01,45f21d2b32fdc34205ff4605facf7a01,,101,,Stationary traffic,,2023-12-25T01:35:56Z,,0,6,,59.2823137709,18.0305049936,3,12,,,,,,,2023-12-25T00:07:00Z,,,,Feature,,,
221,221.0,221,fc52897a4ecb9b3b47edc2512c963bb9,fc52897a4ecb9b3b47edc2512c963bb9,,108,,Queuing traffic,,2023-12-25T01:35:56Z,,0,6,,59.3169209424,18.0008719484,2,12,,,,,,,2023-12-25T00:30:30Z,,,,Feature,,,
222,222.0,222,7b43fe3857430af4462ef246d8e44fe9,7b43fe3857430af4462ef246d8e44fe9,,115,,Slow traffic,,2023-12-25T01:37:56Z,,0,6,,59.3255402319,18.0038827281,1,12,,,,,,,2023-12-25T00:19:00Z,,,,Feature,,,
223,223.0,223,29cd40821007069dda3778a9c7018f40,29cd40821007069dda3778a9c7018f40,,115,,Slow traffic,,2023-12-25T01:37:56Z,,0,6,,59.34502382,18.0158494036,1,12,,,,,,,2023-12-25T00:25:00Z,,,,Feature,,,
224,224.0,224,4e2b3d16974e57c1ef7676cdf432e729,4e2b3d16974e57c1ef7676cdf432e729,,122,,Heavy traffic,,2023-12-25T01:43:56Z,,0,6,,59.3573471932,18.0313753705,1,12,,,,,,,2023-12-25T00:34:00Z,,,,Feature,,,
225,225.0,225,c1e58c2b5520481db936df4835a1c7fa,c1e58c2b5520481db936df4835a1c7fa,,101,,Stationary traffic,,2023-12-25T01:47:57Z,,0,6,,59.3998079366,18.030291758,3,12,,,,,,,2023-12-25T00:21:30Z,,,,Feature,,,
226,226.0,226,94ffb4ed0d5c12dc6ffb2ec9a28abc52,94ffb4ed0d5c12dc6ffb2ec9a28abc52,,115,,Slow traffic,,2023-12-25T01:59:58Z,,0,6,,59.2960815506,18.0429598312,1,12,,,,,,,2023-12-25T00:52:00Z,,,,Feature,,,
227,227.0,227,4b624f8d9e664848cf5ffe62833dcd66,4b624f8d9e664848cf5ffe62833dcd66,,101,,Stationary traffic,,2023-12-25T02:05:58Z,,0,6,,59.3567625078,18.1054231148,3,12,,,,,,,2023-12-25T00:46:00Z,,,,Feature,,,
228,228.0,228,c381343abb006817dec650335b90f616,c381343abb006817dec650335b90f616,,101,,Stationary traffic,,2023-12-25T02:09:59Z,,0,6,,59.3103119947,18.0556051056,3,12,,,,,,,2023-12-25T00:38:00Z,,,,Feature,,,
229,229.0,229,a9a4b1f3f86d31068c9f1d51b391896d,a9a4b1f3f86d31068c9f1d51b391896d,,115,,Slow traffic,,2023-12-25T02:09:59Z,,1,6,,59.2961606415,18.0462629716,1,12,,,,,,,2023-12-25T01:05:00Z,,,,Feature,,,
230,230.0,230,b31b5dce11829d973eb2332ab3cbbf73,b31b5dce11829d973eb2332ab3cbbf73,,115,,Slow traffic,,2023-12-25T02:28:00Z,,0,6,,59.358661481,18.0292202155,1,12,,,,,,,2023-12-25T00:34:00Z,,,,Feature,,,
231,231.0,231,668394d1fad40faed27a30b5b3f4babe,668394d1fad40faed27a30b5b3f4babe,,115,,Slow traffic,,2023-12-25T02:28:00Z,,1,6,,59.3520887212,18.0843020599,1,12,,,,,,,2023-12-25T01:22:30Z,,,,Feature,,,
232,232.0,232,5a17588cc7c4c36886f4ab8bf4dc7fdf,5a17588cc7c4c36886f4ab8bf4dc7fdf,,101,,Stationary traffic,,2023-12-25T02:38:01Z,,1,6,,59.2990534094,18.0986398082,3,12,,,,,,,2023-12-25T01:33:00Z,,,,Feature,,,
233,233.0,233,c2b0fba3cc9a4d2bbdd84b4d2561a48a,c2b0fba3cc9a4d2bbdd84b4d2561a48a,,115,,Slow traffic,,2023-12-25T02:40:01Z,,0,6,,59.4167044868,17.9356030742,1,12,,,,,,,2023-12-25T00:53:00Z,,,,Feature,,,
234,234.0,234,19e80d0bc62d245be08ae93f2722fb1c,19e80d0bc62d245be08ae93f2722fb1c,,108,,Queuing traffic,,2023-12-25T02:40:01Z,,1,6,,59.3567088492,18.0322457473,2,12,,,,,,,2023-12-25T01:36:00Z,,,,Feature,,,
235,235.0,235,c1884781e573cbd0f630d0189415493a,c1884781e573cbd0f630d0189415493a,,101,,Stationary traffic,,2023-12-25T02:44:02Z,,1,6,,59.2961606415,18.046229444,3,12,,,,,,,2023-12-25T01:39:30Z,,,,Feature,,,
236,236.0,236,d03996e25d465b4f3e9278ede1859a8b,d03996e25d465b4f3e9278ede1859a8b,,108,,Queuing traffic,,2023-12-25T02:46:02Z,,1,6,,59.3824553609,18.0412485818,2,12,,,,,,,2023-12-25T01:39:30Z,,,,Feature,,,
237,237.0,237,aab2220f8764f3dec0cb5702fda01c2e,aab2220f8764f3dec0cb5702fda01c2e,,115,,Slow traffic,,2023-12-25T02:48:02Z,,1,6,,59.3782617171,18.0438382547,1,12,,,,,,,2023-12-25T01:41:00Z,,,,Feature,,,
238,238.0,238,b3fe3ce84d7870eed9c3d9b153dc8c4e,b3fe3ce84d7870eed9c3d9b153dc8c4e,,115,,Slow traffic,,2023-12-25T02:50:02Z,,1,6,,59.4283425869,18.0647112052,1,12,,,,,,,2023-12-25T01:16:30Z,,,,Feature,,,
239,239.0,239,661e46dfe05292622dedfa98beb0486a,661e46dfe05292622dedfa98beb0486a,,201,,Accident,,2023-12-25T02:50:02Z,,1,1,,59.2431990944,18.1141644339,0,12,,,,,,,2023-12-25T01:38:34Z,,,,Feature,,,
240,240.0,240,8ba2414cf376a17ba80a34cdde49782a,8ba2414cf376a17ba80a34cdde49782a,,101,,Stationary traffic,,2023-12-25T02:50:02Z,,1,6,,59.3013480536,18.1016586344,3,12,,,,,,,2023-12-25T01:44:30Z,,,,Feature,,,
241,241.0,241,77f3e94095b9240c22edb5713732e62f,77f3e94095b9240c22edb5713732e62f,,115,,Slow traffic,,2023-12-25T02:54:02Z,,1,6,,59.3629637782,18.116963319,1,12,,,,,,,2023-12-25T01:42:00Z,,,,Feature,,,
242,242.0,242,28f09399d1716653b50f89cc423664e5,28f09399d1716653b50f89cc423664e5,,122,,Heavy traffic,,2023-12-25T02:56:03Z,,1,6,,59.3618707524,18.0263730506,1,12,,,,,,,2023-12-25T01:46:00Z,,,,Feature,,,
243,243.0,243,3a1dd813b9e0503789417e909cb8b851,3a1dd813b9e0503789417e909cb8b851,,122,,Heavy traffic,,2023-12-25T02:58:03Z,,1,6,,59.3642203577,18.1300605457,1,12,,,,,,,2023-12-25T01:45:00Z,,,,Feature,,,
244,244.0,244,b97bf2d7f1928017e26dac62514256d3,b97bf2d7f1928017e26dac62514256d3,,115,,Slow traffic,,2023-12-25T02:58:03Z,,1,6,,59.3628376863,18.0555635314,1,12,,,,,,,2023-12-25T01:48:30Z,,,,Feature,,,
245,245.0,245,ec327209170b39391cb34fab1b6df2bc,ec327209170b39391cb34fab1b6df2bc,,115,,Slow traffic,,2023-12-25T03:00:03Z,,1,6,,59.2984043405,18.029098175,1,12,,,,,,,2023-12-25T01:56:00Z,,,,Feature,,,
246,246.0,246,7523f7d1c01718bcfdf05bd83f1b7ff2,7523f7d1c01718bcfdf05bd83f1b7ff2,,500,,Lane closed,,2023-12-25T03:02:03Z,,0,7,,59.3058622163,18.0146759371,0,12,,,,,,,2023-12-25T00:57:33Z,,,,Feature,,,
247,247.0,247,414c18dce9741ee292417a4cf04d83c7,414c18dce9741ee292417a4cf04d83c7,,115,,Slow traffic,,2023-12-25T03:02:03Z,,1,6,,59.3850276015,18.0431194226,1,12,,,,,,,2023-12-25T01:53:00Z,,,,Feature,,,
248,248.0,248,386a5b518c04b2f92ca97bacdbef9862,386a5b518c04b2f92ca97bacdbef9862,,115,,Slow traffic,,2023-12-25T03:02:03Z,,1,6,,59.2911475943,18.0865899842,1,12,,,,,,,2023-12-25T01:56:30Z,,,,Feature,,,
249,249.0,249,f58700403984e4810bc0672778e638aa,f58700403984e4810bc0672778e638aa,,115,,Slow traffic,,2023-12-25T03:02:03Z,,1,6,,59.3015411711,18.0800708751,1,12,,,,,,,2023-12-25T01:58:00Z,,,,Feature,,,
250,250.0,250,bb7feef623f7d250ba3c489b5387ea14,bb7feef623f7d250ba3c489b5387ea14,,122,,Heavy traffic,,2023-12-25T03:04:03Z,,1,6,,59.2577581326,18.1667008619,1,12,,,,,,,2023-12-25T01:50:00Z,,,,Feature,,,
251,251.0,251,c5329c99011aa4de5517b2f1d3f3299a,c5329c99011aa4de5517b2f1d3f3299a,,115,,Slow traffic,,2023-12-25T03:16:04Z,,2,6,,59.3289788186,18.058343641,1,12,,,,,,,2023-12-25T02:09:00Z,,,,Feature,,,
252,252.0,252,5c93be59b8ebdcaca7a86a9dc49b6922,5c93be59b8ebdcaca7a86a9dc49b6922,,1101,,Heavy snowfall,,2023-12-25T03:18:04Z,,2,5,,59.3055175318,18.0756975333,1,12,,,,,,,2023-12-25T02:14:00Z,,,,Feature,,,
253,253.0,253,f95c313bd5d4c4f9bc6e23a9c32cf3b3,f95c313bd5d4c4f9bc6e23a9c32cf3b3,,1101,,Heavy snowfall,,2023-12-25T03:20:05Z,,2,5,,59.3387259606,18.029867969,1,12,,,,,,,2023-12-25T02:16:00Z,,,,Feature,,,
254,254.0,254,54edea4a256233cabf01c69e8eaf7129,54edea4a256233cabf01c69e8eaf7129,,115,,Slow traffic,,2023-12-25T03:24:05Z,,2,6,,59.2994436921,18.0126776914,1,12,,,,,,,2023-12-25T02:10:30Z,,,,Feature,,,
255,255.0,255,03c26aac6ed2bd5fe5fc50ea0a2c41b1,03c26aac6ed2bd5fe5fc50ea0a2c41b1,,1101,,Heavy snowfall,,2023-12-25T03:28:05Z,,2,5,,59.250175544,18.0989496033,1,12,,,,,,,2023-12-25T02:21:30Z,,,,Feature,,,
256,256.0,256,d109afb71ffa21ff06feef927f5ebfff,d109afb71ffa21ff06feef927f5ebfff,,201,,Accident,,2023-12-25T03:28:05Z,,1,1,,59.246982375,18.1018598001,0,12,,,,,,,2023-12-25T01:38:34Z,,,,Feature,,,
257,257.0,257,9e55bf4017ea421f609ac0605a32ae07,9e55bf4017ea421f609ac0605a32ae07,,115,,Slow traffic,,2023-12-25T03:34:06Z,,2,6,,59.2949778115,18.0844294648,1,12,,,,,,,2023-12-25T02:21:30Z,,,,Feature,,,
258,258.0,258,00be526b2eeb4f7b812efdf0b6c439cf,00be526b2eeb4f7b812efdf0b6c439cf,,201,,Accident,,2023-12-25T03:34:06Z,,1,1,,59.25365702,18.0999970059,0,12,,,,,,,2023-12-25T01:38:34Z,,,,Feature,,,
259,259.0,259,f0d53b383a577ab93b0320adbf4896da,f0d53b383a577ab93b0320adbf4896da,,1101,,Heavy snowfall,,2023-12-25T03:42:06Z,,2,5,,59.2081466626,18.130578212,1,12,,,,,,,2023-12-25T02:20:00Z,,,,Feature,,,
260,260.0,260,c5bb2324b10b68ff456b84440d3001d8,c5bb2324b10b68ff456b84440d3001d8,,201,,Accident,,2023-12-25T03:42:06Z,,1,1,,59.248790157,18.0997086684,0,12,,,,,,,2023-12-25T01:38:34Z,,,,Feature,,,
261,261.0,261,3e72f9472bdeef09dce7fff70b085e26,3e72f9472bdeef09dce7fff70b085e26,,108,,Queuing traffic,,2023-12-25T03:44:07Z,,2,6,,59.2960815506,18.0429598312,2,12,,,,,,,2023-12-25T02:36:00Z,,,,Feature,,,
262,262.0,262,99fb899783c40d5328c9471d4b7ffb04,99fb899783c40d5328c9471d4b7ffb04,,108,,Queuing traffic,,2023-12-25T04:06:08Z,,3,6,,59.3567088492,18.0322457473,2,12,,,,,,,2023-12-25T03:00:00Z,,,,Feature,,,
263,263.0,263,d36dc847d8a67d21d973319c0bec5477,d36dc847d8a67d21d973319c0bec5477,,115,,Slow traffic,,2023-12-25T04:14:09Z,,3,6,,59.2463520288,18.1028093021,1,12,,,,,,,2023-12-25T03:02:30Z,,,,Feature,,,
264,264.0,264,1ad14d7e0b5a006b451766cb4f7d7f0c,1ad14d7e0b5a006b451766cb4f7d7f0c,,101,,Stationary traffic,,2023-12-25T04:18:09Z,,3,6,,59.3116839294,18.0058823149,3,12,,,,,,,2023-12-25T03:13:30Z,,,,Feature,,,
265,265.0,265,8c573de0d8f43dec0bea092012af8efe,8c573de0d8f43dec0bea092012af8efe,,122,,Heavy traffic,,2023-12-25T04:20:10Z,,3,6,,59.2475710933,18.1769764047,1,12,,,,,,,2023-12-25T03:09:30Z,,,,Feature,,,
266,266.0,266,040cdb86287ab395d26e12274f082bce,040cdb86287ab395d26e12274f082bce,,115,,Slow traffic,,2023-12-25T04:26:10Z,,3,6,,59.3576543135,18.1044025342,1,12,,,,,,,2023-12-25T03:14:00Z,,,,Feature,,,
267,267.0,267,36ccbdbdd80b8f236236a637d15d75ae,36ccbdbdd80b8f236236a637d15d75ae,,1101,,Heavy snowfall,,2023-12-25T04:28:10Z,,3,5,,59.321166903,18.2876805585,1,12,,,,,,,2023-12-25T03:03:30Z,,,,Feature,,,
268,268.0,268,3a6668ae33505ad610162599876b7c48,3a6668ae33505ad610162599876b7c48,,122,,Heavy traffic,,2023-12-25T04:36:11Z,,3,6,,59.2620952769,18.130552731,1,12,,,,,,,2023-12-25T03:10:00Z,,,,Feature,,,
269,269.0,269,9826f895f08802848c48fdac3103ed62,9826f895f08802848c48fdac3103ed62,,115,,Slow traffic,,2023-12-25T04:48:12Z,,3,6,,59.2972563394,18.0919316034,1,12,,,,,,,2023-12-25T03:44:30Z,,,,Feature,,,
270,270.0,270,5f37e5c016c01feca12c454aa1e025ea,5f37e5c016c01feca12c454aa1e025ea,,115,,Slow traffic,,2023-12-25T04:56:13Z,,3,6,,59.3629637782,18.116963319,1,12,,,,,,,2023-12-25T03:42:30Z,,,,Feature,,,
271,271.0,271,8ea220eb713d06a9430ef2b7abdad80e,8ea220eb713d06a9430ef2b7abdad80e,,122,,Heavy traffic,,2023-12-25T05:00:13Z,,3,6,,59.261820323,18.1556447964,1,12,,,,,,,2023-12-25T03:56:00Z,,,,Feature,,,
272,272.0,272,3d29af1be6e8bd7fb74cd974a0c0036b,3d29af1be6e8bd7fb74cd974a0c0036b,,115,,Slow traffic,,2023-12-25T05:06:13Z,,3,6,,59.3446469669,18.0273118238,1,12,,,,,,,2023-12-25T03:55:30Z,,,,Feature,,,
273,273.0,273,ff172bd64c68376dfafe923d4227e747,ff172bd64c68376dfafe923d4227e747,,115,,Slow traffic,,2023-12-25T05:28:15Z,,4,6,,59.393947291,18.0423616986,1,12,,,,,,,2023-12-25T04:14:30Z,,,,Feature,,,
274,274.0,274,de96608b097d892ac2d629e3a44dd0b5,de96608b097d892ac2d629e3a44dd0b5,,108,,Queuing traffic,,2023-12-25T05:34:15Z,,4,6,,59.2866508718,18.0887867133,2,12,,,,,,,2023-12-25T04:29:00Z,,,,Feature,,,
275,275.0,275,24ed91b409ebafea51b558ac719919f9,24ed91b409ebafea51b558ac719919f9,,211,,Broken down vehicle,,2023-12-25T06:02:18Z,,4,14,,59.3335747735,17.9779886822,0,12,,,,,,,2023-12-25T04:50:41Z,,,,Feature,,,
276,276.0,276,71d09433295084f06935db64f7d2c543,71d09433295084f06935db64f7d2c543,,122,,Heavy traffic,,2023-12-25T06:06:18Z,,4,6,,59.3526023894,18.1067011873,1,12,,,,,,,2023-12-25T04:23:00Z,,,,Feature,,,
277,277.0,277,9d4a43fd8ff7a755998ce28a2eec0fa8,9d4a43fd8ff7a755998ce28a2eec0fa8,,115,,Slow traffic,,2023-12-25T06:20:19Z,,5,6,,59.313243641,18.1756192069,1,12,,,,,,,2023-12-25T05:13:00Z,,,,Feature,,,
278,278.0,278,f817e3725b18783dac8a42aa6811813b,f817e3725b18783dac8a42aa6811813b,,122,,Heavy traffic,,2023-12-25T07:16:23Z,,6,6,,59.2735241642,18.0936307828,1,12,,,,,,,2023-12-25T06:09:00Z,,,,Feature,,,
279,279.0,279,ed49325962a376451db1f3e7b434552b,ed49325962a376451db1f3e7b434552b,,115,,Slow traffic,,2023-12-25T07:16:23Z,,6,6,,59.27788675,18.0923969667,1,12,,,,,,,2023-12-25T06:09:00Z,,,,Feature,,,
280,280.0,280,d6e36c7eb25acfa3d03740a179a984b8,d6e36c7eb25acfa3d03740a179a984b8,,108,,Queuing traffic,,2023-12-25T07:18:24Z,,6,6,,59.3015411711,18.0800708751,2,12,,,,,,,2023-12-25T06:13:00Z,,,,Feature,,,
281,281.0,281,e65110f870dd161af5e4c46d82c7363f,e65110f870dd161af5e4c46d82c7363f,,108,,Queuing traffic,,2023-12-25T07:30:25Z,,6,6,,59.2603920522,18.0978780608,2,12,,,,,,,2023-12-25T06:25:30Z,,,,Feature,,,
282,282.0,282,4c1f1301236e8e0d9a792cc75b5957c0,4c1f1301236e8e0d9a792cc75b5957c0,,115,,Slow traffic,,2023-12-25T07:36:25Z,,6,6,,59.301652471,18.0796645205,1,12,,,,,,,2023-12-25T06:32:00Z,,,,Feature,,,
283,283.0,283,7aa4a01f4e56d2921d0cc6e30cef9cd3,7aa4a01f4e56d2921d0cc6e30cef9cd3,,108,,Queuing traffic,,2023-12-25T07:46:26Z,,6,6,,59.2571961982,18.0141113321,2,12,,,,,,,2023-12-25T06:40:00Z,,,,Feature,,,
284,284.0,284,09fd94a11c4f680fdcbcc9cafab7a4c1,09fd94a11c4f680fdcbcc9cafab7a4c1,,115,,Slow traffic,,2023-12-25T07:48:26Z,,6,6,,59.2940631732,18.0849377434,1,12,,,,,,,2023-12-25T06:37:00Z,,,,Feature,,,
285,285.0,285,935bc4f9ca2e41f95d3d3c52eeb135c2,935bc4f9ca2e41f95d3d3c52eeb135c2,,115,,Slow traffic,,2023-12-25T08:46:31Z,,7,6,,59.3108671921,18.0734444778,1,12,,,,,,,2023-12-25T07:40:00Z,,,,Feature,,,
286,286.0,f71743f9a2c310dff2af4704198c253a,,f71743f9a2c310dff2af4704198c253a,,115,,Slow traffic,,2023-12-25T10:01:23Z,,8,6,,59.2777848358,18.0924291532,1,12,,,,,,,2023-12-25T08:53:30Z,,,,Feature,,,
287,287.0,d6e36c7eb25acfa3d03740a179a984b8,,d6e36c7eb25acfa3d03740a179a984b8,,108,,Queuing traffic,,2023-12-25T10:03:23Z,,8,6,,59.3015411711,18.0800708751,2,12,,,,,,,2023-12-25T08:56:00Z,,,,Feature,,,
288,288.0,3835ca12593cb5107d4494a73280ad40,,3835ca12593cb5107d4494a73280ad40,,115,,Slow traffic,,2023-12-25T10:15:24Z,,9,6,,59.3064965532,18.0751905958,1,12,,,,,,,2023-12-25T09:10:00Z,,,,Feature,,,
289,289.0,595401d960875ee843620bf59612c3b6,,595401d960875ee843620bf59612c3b6,,115,,Slow traffic,,2023-12-25T10:25:24Z,,9,6,,59.2944587776,18.0847392599,1,12,,,,,,,2023-12-25T09:17:00Z,,,,Feature,,,
290,290.0,90afc819f4a90d9d7c307666787ee8d5,,90afc819f4a90d9d7c307666787ee8d5,,101,,Stationary traffic,,2023-12-25T10:57:27Z,,9,6,,59.3492013614,18.0424582581,3,12,,,,,,,2023-12-25T09:52:30Z,,,,Feature,,,
291,291.0,88b7bdcc8dcc2e5a9f3020116a92ef29,,88b7bdcc8dcc2e5a9f3020116a92ef29,,108,,Queuing traffic,,2023-12-25T11:11:28Z,,10,6,,59.3009282662,18.0220613997,2,12,,,,,,,2023-12-25T10:07:00Z,,,,Feature,,,
292,292.0,2311df2495fd0b72a2bbf5c723e3f7fa,,2311df2495fd0b72a2bbf5c723e3f7fa,,101,,Stationary traffic,,2023-12-25T11:29:29Z,,9,6,,59.3509165955,18.1187496702,3,12,,,,,,,2023-12-25T09:44:30Z,,,,Feature,,,
293,293.0,e15bf2ee5602202d4f376de2d3b9bf9a,,e15bf2ee5602202d4f376de2d3b9bf9a,,701,,Roadworks,,2023-12-25T11:39:30Z,,11,9,,59.270741355,18.0915721874,0,12,,,,,,,2023-12-23T11:33:00Z,,,,Feature,,,
294,294.0,bddf978035d9006e8a072428576e7243,,bddf978035d9006e8a072428576e7243,,101,,Stationary traffic,,2023-12-25T11:43:30Z,,10,6,,59.3663004307,18.1386865299,3,12,,,,,,,2023-12-25T10:36:00Z,,,,Feature,,,
295,295.0,5e5ae146676e36789222ae972e01672c,,5e5ae146676e36789222ae972e01672c,,500,,Lane closed,,2023-12-25T11:49:31Z,,10,7,,59.304690078,18.0182875316,0,12,,,,,,,2023-12-25T10:09:58Z,,,,Feature,,,
296,296.0,f8c25b5e039c337acd81ad427ad080ed,,f8c25b5e039c337acd81ad427ad080ed,,101,,Stationary traffic,,2023-12-25T12:05:32Z,,11,6,,59.3065032705,18.0124429981,3,12,,,,,,,2023-12-25T11:02:00Z,,,,Feature,,,
297,297.0,19706837892987d5ee9697b29a319468,,19706837892987d5ee9697b29a319468,,101,,Stationary traffic,,2023-12-25T12:05:32Z,,11,6,,59.329684255,18.0740037183,3,12,,,,,,,2023-12-25T11:01:00Z,,,,Feature,,,
298,298.0,81566b89d5e89243c37c0cdb9eeb37a5,,81566b89d5e89243c37c0cdb9eeb37a5,,500,,Lane closed,,2023-12-25T12:15:33Z,,10,7,,59.3856082997,18.0432642619,0,12,,,,,,,2023-12-25T10:54:50Z,,,,Feature,,,
299,299.0,dd11d3b0e45317f600a856f81e77b308,,dd11d3b0e45317f600a856f81e77b308,,500,,Lane closed,,2023-12-25T12:17:33Z,,10,7,,59.3357219159,18.0101859192,0,12,,,,,,,2023-12-25T10:37:23Z,,,,Feature,,,
300,300.0,2f48938795ca8dda59b1bde57f5c55be,,2f48938795ca8dda59b1bde57f5c55be,,115,,Slow traffic,,2023-12-25T12:21:34Z,,11,6,,59.3375069086,18.0350030582,1,12,,,,,,,2023-12-25T11:17:30Z,,,,Feature,,,
301,301.0,386cd6edc9b3571e33a39dedefc67b4a,,386cd6edc9b3571e33a39dedefc67b4a,,101,,Stationary traffic,,2023-12-25T12:37:35Z,,11,6,,59.2632056945,18.0992352586,3,12,,,,,,,2023-12-25T11:11:00Z,,,,Feature,,,
302,302.0,f9997d67cd0b5195326517061a230cef,,f9997d67cd0b5195326517061a230cef,,108,,Queuing traffic,,2023-12-25T12:53:36Z,,11,6,,59.3570762979,18.1508329134,2,12,,,,,,,2023-12-25T11:48:00Z,,,,Feature,,,
303,303.0,a4c286cbb07ce0ec81ac1cdc87e536bd,,a4c286cbb07ce0ec81ac1cdc87e536bd,,108,,Queuing traffic,,2023-12-25T12:53:36Z,,11,6,,59.2961606415,18.0462629716,2,12,,,,,,,2023-12-25T11:50:00Z,,,,Feature,,,
304,304.0,3c8e6c443073f54b62f732c4dd64edf2,,3c8e6c443073f54b62f732c4dd64edf2,,101,,Stationary traffic,,2023-12-25T12:57:37Z,,11,6,,59.369281699,18.0041603367,3,12,,,,,,,2023-12-25T11:51:30Z,,,,Feature,,,
305,305.0,e2747a204f5394f9f36e72a56bbbb97a,,e2747a204f5394f9f36e72a56bbbb97a,,101,,Stationary traffic,,2023-12-25T13:01:37Z,,11,6,,59.2569547971,18.0361094694,3,12,,,,,,,2023-12-25T11:36:30Z,,,,Feature,,,
306,306.0,8b49b6b315aa047bab7d95d87d0bcba1,,8b49b6b315aa047bab7d95d87d0bcba1,,108,,Queuing traffic,,2023-12-25T13:01:37Z,,11,6,,59.3009282662,18.0220613997,2,12,,,,,,,2023-12-25T11:50:00Z,,,,Feature,,,
307,307.0,bc16156b927b53284c7c6c0af00ea6bb,,bc16156b927b53284c7c6c0af00ea6bb,,101,,Stationary traffic,,2023-12-25T13:01:37Z,,11,6,,59.3202710168,18.0730729918,3,12,,,,,,,2023-12-25T11:57:00Z,,,,Feature,,,
308,308.0,db158fd1bd0e4a8eaa9600b8f3c76fdf,,db158fd1bd0e4a8eaa9600b8f3c76fdf,,101,,Stationary traffic,,2023-12-25T13:03:37Z,,11,6,,59.2892137246,18.0931976061,3,12,,,,,,,2023-12-25T11:36:00Z,,,,Feature,,,
309,309.0,340db587a556b20410240be3cba5ad12,,340db587a556b20410240be3cba5ad12,,101,,Stationary traffic,,2023-12-25T13:05:37Z,,11,6,,59.3312962413,18.0526224892,3,12,,,,,,,2023-12-25T11:41:30Z,,,,Feature,,,
310,310.0,72ed3a1259f5204abcc06ebcaa9ee122,,72ed3a1259f5204abcc06ebcaa9ee122,,115,,Slow traffic,,2023-12-25T13:09:38Z,,11,6,,59.3562595832,18.0603901665,1,12,,,,,,,2023-12-25T11:58:00Z,,,,Feature,,,
311,311.0,cea283d1283c7f09e3fb8626242767cf,,cea283d1283c7f09e3fb8626242767cf,,101,,Stationary traffic,,2023-12-25T13:19:38Z,,12,6,,59.2865677346,18.0883910875,3,12,,,,,,,2023-12-25T12:09:00Z,,,,Feature,,,
312,312.0,fe2783d4f990da7ad8cc4c52754f5a48,,fe2783d4f990da7ad8cc4c52754f5a48,,108,,Queuing traffic,,2023-12-25T13:21:39Z,,12,6,,59.3208866096,18.0687962095,2,12,,,,,,,2023-12-25T12:16:00Z,,,,Feature,,,
313,313.0,7a9591e571e83903541cb2c515badc8c,,7a9591e571e83903541cb2c515badc8c,,101,,Stationary traffic,,2023-12-25T13:21:39Z,,12,6,,59.3502286492,18.0484677474,3,12,,,,,,,2023-12-25T12:16:30Z,,,,Feature,,,
c42feefa234837b2f1dc9996ee7d6d86,,,,c42feefa234837b2f1dc9996ee7d6d86,,101,,Stationary traffic,,2023-12-26T09:59:07Z,,08,6,,59.3974220938,18.0888215821,3,12,,,,,,,2023-12-26T08:42:00Z,,,,Feature,,,
58367bb5b33ed5b4b66aab24f5aa9658,,,,58367bb5b33ed5b4b66aab24f5aa9658,,101,,Stationary traffic,,2023-12-26T09:59:07Z,,08,6,,59.3698181252,18.0024477462,3,12,,,,,,,2023-12-26T08:55:30Z,,,,Feature,,,
